{
	"format_version": "1.12.0",
	"minecraft:geometry": [
		{
			"description": {
				"identifier": "geometry.ghost",
				"texture_width": 64,
				"texture_height": 64,
				"visible_bounds_width": 3,
				"visible_bounds_height": 3.5,
				"visible_bounds_offset": [0, 1.25, 0]
			},
			"bones": [
				{
					"name": "head",
					"pivot": [0, 23, 0],
					"cubes": [
						{"origin": [-4, 23, -4], "size": [8, 8, 8], "uv": [0, 0]}
					]
				},
				{
					"name": "Torso",
					"pivot": [0, 23, 0],
					"rotation": [15, 0, 0],
					"cubes": [
						{"origin": [-4, 12, -2], "size": [8, 11, 4], "uv": [0, 16]}
					]
				},
				{
					"name": "LArm",
					"pivot": [4.1, 21, 0],
					"rotation": [67.5, 0, 0],
					"cubes": [
						{"origin": [4.1, 14, -2], "size": [4, 9, 4], "uv": [24, 16]},
						{"origin": [5.1, 11, -2], "size": [1, 3, 0], "uv": [18, 53]},
						{"origin": [6.1, 12, -2], "size": [2, 2, 0], "uv": [12, 44]},
						{"origin": [8.1, 12, -2], "size": [0, 2, 1], "uv": [16, 53]},
						{"origin": [8.1, 13, -1], "size": [0, 1, 1], "uv": [8, 59]},
						{"origin": [8.1, 11, 1], "size": [0, 3, 1], "uv": [10, 44]},
						{"origin": [8.1, 12, 0], "size": [0, 2, 1], "uv": [14, 53]},
						{"origin": [7.1, 11, 2], "size": [1, 3, 0], "uv": [12, 53]},
						{"origin": [6.1, 12, 2], "size": [1, 2, 0], "uv": [6, 59]},
						{"origin": [4.1, 11, 2], "size": [1, 3, 0], "uv": [10, 53]},
						{"origin": [4.101, 12, 0], "size": [0, 2, 2], "uv": [16, 39]},
						{"origin": [4.1, 11, -1], "size": [0, 3, 1], "uv": [8, 44]},
						{"origin": [4.1, 13, -2], "size": [0, 1, 1], "uv": [4, 59]},
						{"origin": [4.1, 13, -2], "size": [1, 1, 0], "uv": [18, 59]}
					]
				},
				{
					"name": "RArm",
					"pivot": [-4.1, 21, 0],
					"rotation": [70, 0, 0],
					"cubes": [
						{"origin": [-8.1, 19, -2], "size": [4, 4, 4], "uv": [0, 31]},
						{"origin": [-7.1, 17, -2], "size": [1, 2, 0], "uv": [2, 59]},
						{"origin": [-6.1, 18, -2], "size": [2, 1, 0], "uv": [6, 53]},
						{"origin": [-4.1, 18, -2], "size": [0, 1, 1], "uv": [0, 59]},
						{"origin": [-4.1, 17, -1], "size": [0, 2, 1], "uv": [4, 53]},
						{"origin": [-4.1, 18, 0], "size": [0, 1, 1], "uv": [16, 56]},
						{"origin": [-4.1, 16, 1], "size": [0, 3, 1], "uv": [6, 44]},
						{"origin": [-5.1, 16, 2], "size": [1, 3, 0], "uv": [2, 53]},
						{"origin": [-7.1, 17, 2], "size": [2, 2, 0], "uv": [2, 47]},
						{"origin": [-8.1, 18, 2], "size": [1, 1, 0], "uv": [16, 60]},
						{"origin": [-8.1, 18, 0], "size": [0, 1, 2], "uv": [24, 39]},
						{"origin": [-8.1, 17, -1], "size": [0, 2, 1], "uv": [0, 53]},
						{"origin": [-8.1, 18, -2], "size": [0, 1, 1], "uv": [14, 56]},
						{"origin": [-8.1, 18, -2], "size": [1, 1, 0], "uv": [16, 59]}
					]
				},
				{
					"name": "LLeg",
					"pivot": [2, 23, 0],
					"rotation": [15, 0, 0],
					"cubes": [
						{"origin": [0, 11, -2], "size": [4, 1, 4], "uv": [0, 39]},
						{"origin": [0, 8, 2], "size": [1, 3, 0], "uv": [6, 56]},
						{"origin": [1, 9, 2], "size": [1, 2, 0], "uv": [12, 59]},
						{"origin": [2, 7, 2], "size": [1, 4, 0], "uv": [10, 49]},
						{"origin": [3, 8, 2], "size": [1, 3, 0], "uv": [4, 56]},
						{"origin": [4, 8, 1], "size": [0, 3, 1], "uv": [8, 49]},
						{"origin": [4, 7, 0], "size": [0, 4, 1], "uv": [0, 44]},
						{"origin": [4, 9, -2], "size": [0, 2, 2], "uv": [20, 39]},
						{"origin": [2, 9, -2], "size": [2, 2, 0], "uv": [4, 49]},
						{"origin": [1, 7, -2], "size": [1, 4, 0], "uv": [2, 49]},
						{"origin": [0, 8, -2], "size": [1, 3, 0], "uv": [2, 56]}
					]
				},
				{
					"name": "RLeg",
					"pivot": [-2, 23, 0],
					"rotation": [15, 0, 0],
					"cubes": [
						{"origin": [-4, 10, -2], "size": [4, 2, 4], "uv": [16, 31]},
						{"origin": [-4, 7, -2], "size": [1, 3, 0], "uv": [12, 56]},
						{"origin": [-4, 7, -2], "size": [0, 3, 1], "uv": [14, 49]},
						{"origin": [-4, 8, -1], "size": [0, 2, 1], "uv": [10, 56]},
						{"origin": [-4, 9, 0], "size": [0, 1, 2], "uv": [2, 44]},
						{"origin": [-4, 9, 2], "size": [1, 1, 0], "uv": [18, 60]},
						{"origin": [-3, 6, 2], "size": [1, 4, 0], "uv": [12, 49]},
						{"origin": [-1, 7, 2], "size": [1, 3, 0], "uv": [8, 56]},
						{"origin": [-2, 8, 2], "size": [1, 2, 0], "uv": [14, 59]},
						{"origin": [-1, 6, -2], "size": [1, 4, 0], "uv": [0, 49]},
						{"origin": [-3, 8, -2], "size": [1, 2, 0], "uv": [10, 59]},
						{"origin": [-2, 7, -2], "size": [1, 3, 0], "uv": [0, 56]}
					]
				}
			]
		}
	]
}