{
	"format_version": "1.12.0",
	"minecraft:geometry": [
		{
			"description": {
				"identifier": "geometry.ashslime",
				"texture_width": 32,
				"texture_height": 32,
				"visible_bounds_width": 2,
				"visible_bounds_height": 1.5,
				"visible_bounds_offset": [0, 0.25, 0]
			},
			"bones": [
				{
					"name": "body",
					"pivot": [0, 0, 0],
					"cubes": [
						{"origin": [0.7, 2.6, -3.3], "size": [2, 2, 2], "uv": [12, 0]},
						{"origin": [-3, 0, -3], "size": [6, 6, 1], "uv": [14, 9]},
						{"origin": [-2.7, 2.6, -3.3], "size": [2, 2, 2], "uv": [16, 4]},
						{"origin": [-3, 0, -2], "size": [1, 6, 4], "uv": [10, 16]},
						{"origin": [2, 0, -2], "size": [1, 6, 4], "uv": [0, 16]},
						{"origin": [-3, 0, 2], "size": [6, 6, 1], "uv": [0, 9]},
						{"origin": [-2, 0, -2], "size": [4, 5.4, 4], "uv": [0, 0]},
						{"origin": [0, 1, -3.3], "size": [1, 1, 1], "uv": [0, 0]}
					]
				}
			]
		}
	]
}