{
	"format_version": "1.12.0",
	"minecraft:geometry": [
		{
			"description": {
				"identifier": "geometry.scorchsoulfirst",
				"texture_width": 64,
				"texture_height": 64,
				"visible_bounds_width": 3,
				"visible_bounds_height": 3.5,
				"visible_bounds_offset": [0, 1.25, 0]
			},
			"bones": [
				{
					"name": "head",
					"pivot": [0, 24, 0],
					"cubes": [
						{"origin": [-4, 24, -3], "size": [8, 7, 6], "uv": [0, 0]},
						{"origin": [-4, 28, -4], "size": [8, 4, 1], "uv": [36, 17]},
						{"origin": [-4, 24, -4], "size": [5, 1, 1], "uv": [42, 15]},
						{"origin": [-4, 27, -4], "size": [1, 1, 1], "uv": [37, 58]},
						{"origin": [3, 27, -4], "size": [1, 1, 1], "uv": [58, 30]},
						{"origin": [-1, 27, -4], "size": [2, 1, 1], "uv": [51, 54]},
						{"origin": [-4, 25, -4], "size": [2, 2, 1], "uv": [53, 36]},
						{"origin": [2, 24, -4], "size": [2, 3, 1], "uv": [19, 51]},
						{"origin": [-2, 26, -4], "size": [4, 1, 1], "uv": [46, 24]},
						{"origin": [-4, 31, -3], "size": [8, 1, 3], "uv": [22, 0]},
						{"origin": [-3.999, 31.1, -3.999], "size": [5, 1, 2], "uv": [41, 0]},
						{"origin": [-4.099, 31.1, -1.999], "size": [4, 1, 2], "uv": [28, 42]},
						{"origin": [1, 27, -3.6], "size": [2, 1, 1], "uv": [54, 39]},
						{"origin": [-3, 27, -3.6], "size": [2, 1, 1], "uv": [54, 28]},
						{"origin": [-2, 25, -3.6], "size": [4, 1, 1], "uv": [46, 22]},
						{"origin": [1, 24.1, -3.4], "size": [1, 1, 1], "uv": [58, 25]},
						{"origin": [1, 23.8, -3.3], "size": [1, 1, 2], "uv": [53, 13]},
						{"origin": [1, 31, 0], "size": [3, 1, 4], "uv": [36, 22]},
						{"origin": [0, 31, 2], "size": [1, 1, 2], "uv": [52, 9]},
						{"origin": [-4, 31, 0], "size": [2, 1, 4], "uv": [38, 38]},
						{"origin": [-2, 31, 0], "size": [1, 1, 2], "uv": [50, 51]},
						{"origin": [-1, 31, 3], "size": [1, 1, 1], "uv": [8, 58]},
						{"origin": [-1, 30.7, 0], "size": [2, 1, 2], "uv": [26, 48]},
						{"origin": [-2, 30.7, 2], "size": [2, 1, 1], "uv": [53, 16]},
						{"origin": [-2, 30.6, 2.699], "size": [1, 1, 1], "uv": [58, 6]},
						{"origin": [-2, 29, 1.8], "size": [1, 2, 2], "uv": [10, 40]},
						{"origin": [-3, 27, 2.8], "size": [1, 3, 1], "uv": [9, 54]},
						{"origin": [-2, 26, 2.8], "size": [1, 2, 1], "uv": [56, 41]},
						{"origin": [-1, 26, 2.8], "size": [2, 1, 1], "uv": [53, 0]},
						{"origin": [0, 24, 2.8], "size": [1, 2, 1], "uv": [26, 56]},
						{"origin": [1, 24, 3], "size": [3, 7, 1], "uv": [42, 4]},
						{"origin": [-1, 27, 3], "size": [2, 4, 1], "uv": [42, 47]},
						{"origin": [-4, 24, 3], "size": [4, 2, 1], "uv": [10, 44]},
						{"origin": [-4, 26, 3], "size": [1, 5, 1], "uv": [34, 49]},
						{"origin": [-2, 28, 3], "size": [1, 1, 1], "uv": [4, 58]},
						{"origin": [-3, 30, 3], "size": [1, 1, 1], "uv": [0, 58]},
						{"origin": [-3, 26, 3], "size": [1, 1, 1], "uv": [57, 54]},
						{"origin": [0, 23.8, 1.6], "size": [1, 1, 2], "uv": [51, 33]}
					]
				},
				{
					"name": "leaves",
					"parent": "head",
					"pivot": [-3.5, 31, -4.1],
					"cubes": [
						{"origin": [0, 30.2, -4.3], "size": [1, 2, 0], "pivot": [0, 30.2, -5.3], "rotation": [-7.5, 0, 0], "uv": [10, 40]},
						{"origin": [-1, 29, -4.2], "size": [1, 3, 0], "pivot": [-0.5, 30.5, -4.2], "rotation": [-10, 0, 0], "uv": [41, 58]},
						{"origin": [-3, 31, -4.1], "size": [3, 1, 0], "pivot": [-1.5, 31.5, -4.1], "rotation": [-10, 0, 0], "uv": [44, 3]},
						{"origin": [-2, 29, -4.1], "size": [1, 3, 0], "pivot": [-1.5, 30.5, -4.1], "rotation": [-5, 0, 0], "uv": [22, 0]},
						{"origin": [-4, 29.5, -4.1], "size": [2, 2, 0], "pivot": [-3, 30.5, -4.1], "rotation": [-7.5, 0, 0], "uv": [58, 32]},
						{"origin": [-2, 27.6, -4.1], "size": [1, 2, 0], "pivot": [-1.5, 28.6, -4.1], "rotation": [-7.5, 0, 0], "uv": [14, 40]},
						{"origin": [-3, 28, -4.1], "size": [1, 3, 0], "pivot": [-2, 29, -5.1], "rotation": [-5, 0, 0], "uv": [43, 58]},
						{"origin": [-3, 26.4, -4.1], "size": [1, 2, 0], "pivot": [-2.5, 27.4, -4.1], "rotation": [-7.5, 0, 0], "uv": [41, 0]},
						{"origin": [-4, 30, -4.1], "size": [1, 2, 0], "pivot": [-3.5, 31, -4.1], "rotation": [-5, 0, 0], "uv": [18, 13]}
					]
				},
				{
					"name": "telo",
					"pivot": [0, 18, 0],
					"cubes": [
						{"origin": [-4, 12, -1], "size": [8, 12, 2], "uv": [0, 13]},
						{"origin": [-4, 12, -2], "size": [4, 12, 1], "uv": [32, 4]},
						{"origin": [0, 14, -2], "size": [4, 2, 1], "uv": [26, 45]},
						{"origin": [0, 16, -2], "size": [2, 3, 1], "uv": [50, 41]},
						{"origin": [0, 19, -2], "size": [1, 5, 1], "uv": [50, 5]},
						{"origin": [2, 16, -2], "size": [1, 2, 1], "uv": [51, 56]},
						{"origin": [2, 22, -2], "size": [2, 2, 1], "uv": [13, 53]},
						{"origin": [3, 19, -2], "size": [1, 3, 1], "uv": [47, 54]},
						{"origin": [3, 16, -2], "size": [1, 1, 1], "uv": [58, 17]},
						{"origin": [0, 12, -2], "size": [2, 2, 1], "uv": [52, 48]},
						{"origin": [2, 13, -2], "size": [1, 1, 1], "uv": [58, 15]},
						{"origin": [-4, 21, 1], "size": [4, 3, 1], "uv": [40, 43]},
						{"origin": [1, 23, 1], "size": [3, 1, 1], "uv": [49, 3]},
						{"origin": [2, 18, 1], "size": [2, 5, 1], "uv": [0, 0]},
						{"origin": [-4, 19, 1], "size": [5, 2, 1], "uv": [42, 12]},
						{"origin": [0, 21, 1], "size": [1, 1, 1], "uv": [30, 57]},
						{"origin": [-4, 17, 1], "size": [4, 2, 1], "uv": [42, 35]},
						{"origin": [-4, 16, 1], "size": [3, 1, 1], "uv": [12, 27]},
						{"origin": [-4, 12, 1], "size": [2, 4, 1], "uv": [14, 47]},
						{"origin": [-2, 12, 1], "size": [6, 2, 1], "uv": [40, 27]},
						{"origin": [0, 14, 1], "size": [3, 2, 1], "uv": [46, 38]},
						{"origin": [-1, 14, 1], "size": [1, 1, 1], "uv": [57, 13]},
						{"origin": [3, 17, 1], "size": [1, 1, 1], "uv": [57, 11]},
						{"origin": [1, 16, 1], "size": [1, 1, 1], "uv": [57, 4]},
						{"origin": [1, 17, 0.8], "size": [1, 6, 1], "uv": [10, 47]},
						{"origin": [0, 22, 0.8], "size": [1, 2, 1], "uv": [56, 22]},
						{"origin": [0, 16, 0.8], "size": [1, 3, 1], "uv": [54, 5]},
						{"origin": [-1, 15, 0.8], "size": [1, 2, 1], "uv": [22, 56]},
						{"origin": [-2, 14, 0.8], "size": [1, 2, 1], "uv": [13, 56]},
						{"origin": [2, 16, 0.8], "size": [1, 2, 1], "uv": [42, 55]},
						{"origin": [3, 14, 0.8], "size": [1, 3, 1], "uv": [0, 54]},
						{"origin": [1, 19, -1.8], "size": [1, 5, 1], "uv": [48, 47]},
						{"origin": [2, 18, -1.8], "size": [1, 4, 1], "uv": [6, 50]},
						{"origin": [3, 17, -1.8], "size": [1, 2, 1], "uv": [34, 55]},
						{"origin": [3, 13, -1.8], "size": [1, 1, 1], "uv": [56, 9]}
					]
				},
				{
					"name": "LevRuka",
					"pivot": [4, 22, 0],
					"cubes": [
						{"origin": [4, 13, -1], "size": [4, 11, 2], "uv": [30, 29]},
						{"origin": [6, 12, -2], "size": [2, 6, 1], "uv": [20, 44]},
						{"origin": [4, 15, -2], "size": [1, 1, 1], "uv": [58, 19]},
						{"origin": [4, 12, -2], "size": [2, 1, 1], "uv": [24, 54]},
						{"origin": [5, 17, -2], "size": [1, 1, 1], "uv": [16, 58]},
						{"origin": [5, 13, -2], "size": [1, 1, 1], "uv": [57, 46]},
						{"origin": [4, 15, 1], "size": [4, 9, 1], "uv": [0, 40]},
						{"origin": [4, 12, 1], "size": [4, 1, 1], "uv": [22, 4]},
						{"origin": [6, 13, 1], "size": [2, 2, 1], "uv": [52, 30]},
						{"origin": [5, 14, 1], "size": [1, 1, 1], "uv": [55, 56]},
						{"origin": [4, 13, 0.8], "size": [2, 1, 1], "uv": [12, 29]},
						{"origin": [4, 14, 0.8], "size": [1, 1, 1], "uv": [56, 44]},
						{"origin": [4, 16, -1.8], "size": [1, 2, 1], "uv": [18, 55]},
						{"origin": [5, 14, -1.8], "size": [1, 3, 1], "uv": [36, 22]},
						{"origin": [4, 13, -1.8], "size": [1, 2, 1], "uv": [4, 55]},
						{"origin": [4, 12, 0], "size": [1, 1, 1], "uv": [55, 33]},
						{"origin": [7, 12, -1], "size": [1, 1, 2], "uv": [25, 51]},
						{"origin": [5, 12.3, -1], "size": [2, 1, 2], "uv": [34, 46]},
						{"origin": [4, 11.8, -1], "size": [1, 1, 1], "uv": [29, 51]},
						{"origin": [4, 18, -2], "size": [4, 6, 1], "uv": [16, 5]}
					]
				},
				{
					"name": "PravRuka",
					"pivot": [-4, 22, 0],
					"cubes": [
						{"origin": [-8, 15, -2], "size": [4, 9, 4], "uv": [0, 27]},
						{"origin": [-6, 12, -2], "size": [2, 3, 0], "uv": [56, 51]},
						{"origin": [-7, 14, -2], "size": [1, 1, 0], "uv": [22, 16]},
						{"origin": [-8, 13, -2], "size": [1, 2, 0], "uv": [25, 51]},
						{"origin": [-8, 13, -2], "size": [0, 2, 1], "pivot": [-7.5, 14, -2], "rotation": [0, 0, 0], "uv": [0, 12]},
						{"origin": [-8, 12, -1], "size": [0, 3, 1], "uv": [20, 57]},
						{"origin": [-8, 13, 0], "size": [0, 2, 2], "uv": [36, 25]},
						{"origin": [-8, 13, 2], "size": [1, 2, 0], "uv": [32, 48]},
						{"origin": [-7, 14, 2], "size": [1, 1, 0], "uv": [20, 16]},
						{"origin": [-5, 12, 2], "size": [1, 3, 0], "uv": [45, 58]},
						{"origin": [-6, 13, 2], "size": [1, 2, 0], "uv": [26, 48]},
						{"origin": [-4, 13, -2], "size": [0, 2, 2], "uv": [27, 27]},
						{"origin": [-4, 12, 0], "size": [0, 3, 2], "uv": [20, 11]},
						{"origin": [-7, 14, 0], "size": [1, 1, 1], "uv": [58, 34]},
						{"origin": [-6, 14, -1], "size": [1, 1, 1], "uv": [33, 58]}
					]
				},
				{
					"name": "LevNoga",
					"pivot": [2, 12, 0],
					"cubes": [
						{"origin": [0, 0, -1], "size": [4, 12, 3], "uv": [16, 29]},
						{"origin": [0, 10, -2], "size": [2, 2, 1], "uv": [42, 52]},
						{"origin": [3, 6, -2], "size": [1, 5, 1], "uv": [38, 49]},
						{"origin": [0, 7, -2], "size": [1, 3, 1], "uv": [54, 18]},
						{"origin": [0, 4, -2], "size": [2, 3, 1], "uv": [0, 50]},
						{"origin": [2, 4, -2], "size": [2, 1, 1], "uv": [53, 26]},
						{"origin": [0, 0, -2], "size": [4, 4, 1], "uv": [42, 30]},
						{"origin": [3.1, 2.7, -1.1], "size": [1, 3, 1], "uv": [30, 53]},
						{"origin": [3.1, 10, -1.1], "size": [1, 2, 1], "uv": [38, 55]},
						{"origin": [2, 11, -1.8], "size": [2, 2, 1], "uv": [51, 45]},
						{"origin": [2, 5, -1.8], "size": [1, 6, 1], "uv": [28, 6]},
						{"origin": [1, 7, -1.8], "size": [1, 3, 1], "uv": [0, 27]},
						{"origin": [2.999, 5, -1.8], "size": [1, 1, 1], "uv": [56, 2]}
					]
				},
				{
					"name": "PravNoga",
					"pivot": [-2, 12, 0],
					"cubes": [
						{"origin": [-4, 0, -2], "size": [4, 12, 4], "uv": [20, 13]}
					]
				}
			]
		}
	]
}