{
	"format_version": "1.12.0",
	"minecraft:geometry": [
		{
			"description": {
				"identifier": "geometry.unknown",
				"texture_width": 64,
				"texture_height": 64,
				"visible_bounds_width": 2,
				"visible_bounds_height": 3.5,
				"visible_bounds_offset": [0, 1.25, 0]
			},
			"bones": [
				{
					"name": "telo",
					"pivot": [0, 19, 0],
					"cubes": [
						{"origin": [-4, 11, -2], "size": [8, 1, 4], "uv": [0, 7]},
						{"origin": [-4, 12, 1], "size": [8, 1, 1], "uv": [28, 23]},
						{"origin": [-4, 12, -2], "size": [1, 1, 3], "uv": [40, 29]},
						{"origin": [3, 12, -2], "size": [1, 1, 3], "uv": [24, 40]},
						{"origin": [1, 12, -2], "size": [2, 1, 1], "uv": [24, 44]},
						{"origin": [-3, 12, -2], "size": [2, 1, 1], "uv": [44, 18]},
						{"origin": [-1, 12, 0], "size": [2, 1, 1], "uv": [44, 14]},
						{"origin": [-1, 13, 1], "size": [2, 12, 1], "uv": [13, 32]},
						{"origin": [-1, 23, 0], "size": [2, 2, 1], "uv": [7, 43]},
						{"origin": [1, 22, 1], "size": [3, 1, 1], "uv": [42, 40]},
						{"origin": [1, 20, 1], "size": [3, 1, 1], "uv": [42, 38]},
						{"origin": [1, 18, 1], "size": [3, 1, 1], "uv": [42, 6]},
						{"origin": [-4, 18, 1], "size": [3, 1, 1], "uv": [19, 41]},
						{"origin": [-4, 20, 1], "size": [3, 1, 1], "uv": [40, 33]},
						{"origin": [-4, 22, 1], "size": [3, 1, 1], "uv": [30, 21]},
						{"origin": [-4, 22, -2], "size": [1, 1, 3], "uv": [40, 10]},
						{"origin": [-4, 20, -2], "size": [1, 1, 3], "uv": [0, 40]},
						{"origin": [-4, 18, -2], "size": [1, 1, 3], "uv": [37, 39]},
						{"origin": [3, 18, -2], "size": [1, 1, 3], "uv": [39, 18]},
						{"origin": [3, 20, -2], "size": [1, 1, 3], "uv": [32, 38]},
						{"origin": [3, 22, -2], "size": [1, 1, 3], "uv": [38, 25]},
						{"origin": [2, 22, -2], "size": [1, 1, 1], "uv": [36, 0]},
						{"origin": [-3, 17, -2], "size": [1, 1, 1], "uv": [35, 2]},
						{"origin": [-3, 20, -2], "size": [1, 1, 1], "uv": [0, 35]},
						{"origin": [-2, 21, -2], "size": [1, 1, 1], "uv": [18, 31]},
						{"origin": [-3, 22, -2], "size": [1, 1, 1], "uv": [0, 7]},
						{"origin": [-3, 16, -2], "size": [2, 1, 1], "uv": [44, 8]},
						{"origin": [2, 17, -2], "size": [1, 1, 1], "uv": [30, 18]},
						{"origin": [1, 16, -2], "size": [2, 1, 1], "uv": [0, 44]},
						{"origin": [-1, 17, -2], "size": [2, 4, 1], "uv": [0, 0]},
						{"origin": [1, 21, -2], "size": [1, 1, 1], "uv": [30, 16]},
						{"origin": [1, 19, -2], "size": [2, 1, 1], "uv": [38, 43]},
						{"origin": [-3, 19, -2], "size": [2, 1, 1], "uv": [43, 25]},
						{"origin": [2, 20, -2], "size": [1, 1, 1], "uv": [0, 9]}
					]
				},
				{
					"name": "serdce",
					"parent": "telo",
					"pivot": [0, 19, 0],
					"cubes": [
						{"origin": [-1, 18, -1], "size": [2, 2, 2], "uv": [38, 14]},
						{"origin": [-1, 17, -1], "size": [2, 1, 2], "uv": [38, 14]},
						{"origin": [1, 18, -1], "size": [1, 1, 1], "uv": [34, 19]},
						{"origin": [-1, 20, -1], "size": [1, 1, 2], "uv": [38, 14]},
						{"origin": [-2, 18, -1], "size": [1, 2, 2], "uv": [28, 36]}
					]
				},
				{
					"name": "LevNoga",
					"pivot": [2, 11, 0],
					"cubes": [
						{"origin": [1, 0, -1], "size": [2, 11, 2], "uv": [22, 10]}
					]
				},
				{
					"name": "PravNoga",
					"pivot": [-2, 11, 0],
					"cubes": [
						{"origin": [-3, 0, -1], "size": [2, 11, 2], "uv": [22, 23]}
					]
				},
				{
					"name": "LevRuka",
					"pivot": [4, 22, 0],
					"cubes": [
						{"origin": [4, 11, -1], "size": [2, 12, 2], "uv": [0, 21]}
					]
				},
				{
					"name": "PravRuka",
					"pivot": [-4, 22, 0],
					"cubes": [
						{"origin": [-6, 11, -1], "size": [2, 12, 2], "uv": [14, 12]}
					]
				},
				{
					"name": "head",
					"pivot": [0, 24, 0],
					"cubes": [
						{"origin": [-4, 24, 1], "size": [1, 8, 3], "uv": [5, 32]},
						{"origin": [3, 24, 1], "size": [1, 8, 3], "uv": [30, 25]},
						{"origin": [-3, 24, 3], "size": [6, 8, 1], "uv": [0, 12]},
						{"origin": [-3, 31, -3], "size": [6, 1, 6], "uv": [0, 0]},
						{"origin": [-4, 26, -3], "size": [1, 6, 4], "uv": [30, 6]},
						{"origin": [-4, 26, -4], "size": [8, 2, 1], "uv": [18, 0]},
						{"origin": [-4, 28, -4], "size": [1, 4, 1], "uv": [18, 26]},
						{"origin": [3, 28, -4], "size": [1, 4, 1], "uv": [8, 21]},
						{"origin": [-3, 30, -4], "size": [6, 2, 1], "uv": [20, 7]},
						{"origin": [-1, 28, -4], "size": [2, 2, 1], "uv": [32, 42]},
						{"origin": [3, 26, -3], "size": [1, 6, 4], "uv": [8, 22]},
						{"origin": [-3, 28, -3], "size": [2, 2, 2], "uv": [38, 14]},
						{"origin": [-1, 28, 0], "size": [2, 2, 2], "uv": [36, 6]},
						{"origin": [-2, 28, 0], "size": [1, 2, 2], "uv": [42, 0]},
						{"origin": [-1, 28, 2], "size": [2, 1, 1], "uv": [19, 43]},
						{"origin": [-1, 27, -1], "size": [2, 1, 4], "uv": [30, 16]},
						{"origin": [1, 27, 0], "size": [1, 2, 3], "uv": [19, 36]},
						{"origin": [-1, 25, 2], "size": [2, 2, 1], "uv": [35, 25]},
						{"origin": [1, 28, -3], "size": [2, 2, 2], "uv": [27, 36]}
					]
				},
				{
					"name": "chelyst",
					"parent": "head",
					"pivot": [0, 25, 1],
					"cubes": [
						{"origin": [-4, 24, -4], "size": [8, 2, 1], "uv": [18, 3]},
						{"origin": [3, 24, -3], "size": [1, 2, 4], "uv": [34, 32]},
						{"origin": [-4, 24, -3], "size": [1, 2, 4], "uv": [36, 0]}
					]
				}
			]
		}
	]
}