{
	"format_version": "1.12.0",
	"minecraft:geometry": [
		{
			"description": {
				"identifier": "geometry.ashslime",
				"texture_width": 32,
				"texture_height": 32,
				"visible_bounds_width": 2,
				"visible_bounds_height": 2.5,
				"visible_bounds_offset": [0, 0.75, 0]
			},
			"bones": [
				{
					"name": "body",
					"pivot": [0, 1, 0],
					"cubes": [
						{"origin": [0.7, 3.6, -3.3], "size": [2, 2, 2], "uv": [16, 12]},
						{"origin": [-3, 1, -3], "size": [6, 6, 6], "uv": [0, 0]},
						{"origin": [-2.7, 3.6, -3.3], "size": [2, 2, 2], "uv": [16, 16]},
						{"origin": [0, 2, -3.3], "size": [1, 1, 1], "uv": [0, 0]}
					]
				},
				{
					"name": "bone",
					"parent": "body",
					"pivot": [0, 0, 0],
					"cubes": [
						{"origin": [-4, 0, -4], "size": [8, 8, 0], "uv": [0, 12]},
						{"origin": [-8, 0, 0], "size": [8, 8, 0], "pivot": [-4, 4, 0], "rotation": [0, 90, 0], "uv": [0, 12]},
						{"origin": [-4, 0, 4], "size": [8, 8, 0], "pivot": [0, 4, 4], "rotation": [0, 180, 0], "uv": [0, 12]},
						{"origin": [0, 0, 0], "size": [8, 8, 0], "pivot": [4, 4, 0], "rotation": [0, -90, 0], "uv": [0, 12]},
						{"origin": [-4, 4, 0], "size": [8, 8, 0], "pivot": [0, 8, 0], "rotation": [0, -90, -90], "uv": [0, 12]},
						{"origin": [-4, -4, 0], "size": [8, 8, 0], "pivot": [0, 0, 0], "rotation": [0, -90, 90], "uv": [0, 12]}
					]
				}
			]
		}
	]
}