{
	"format_version": "1.8.0",
	"animations": {
		"idle": {
			"loop": true,
			"animation_length": 12.95833,
			"bones": {
				"telo": {
					"rotation": {
						"0.0": {
							"vector": [7.5, 0, 0]
						},
						"0.375": {
							"vector": [4.5, 0, 0],
							"easing": "linear"
						},
						"0.75": {
							"vector": [-3, 0, 0],
							"easing": "linear"
						},
						"0.9583": {
							"vector": [-5.5, 0, 0],
							"easing": "linear"
						},
						"1.0833": {
							"vector": [4.5, 0, 0],
							"easing": "linear"
						},
						"1.4167": {
							"vector": [7, 0, 0],
							"easing": "linear"
						},
						"1.5833": {
							"vector": [4.5, 0, 0],
							"easing": "linear"
						},
						"1.875": {
							"vector": [1.5, 0, 0],
							"easing": "linear"
						},
						"2.0833": {
							"vector": [7.5, 0, 0],
							"easing": "linear"
						},
						"2.4583": {
							"vector": [4.5, 0, 0],
							"easing": "linear"
						},
						"2.8333": {
							"vector": [-3, 0, 0],
							"easing": "linear"
						},
						"3.0417": {
							"vector": [-5.5, 0, 0],
							"easing": "linear"
						},
						"3.1667": {
							"vector": [4.5, 0, 0],
							"easing": "linear"
						},
						"3.5": {
							"vector": [7, 0, 0],
							"easing": "linear"
						},
						"3.6667": {
							"vector": [4.5, 0, 0],
							"easing": "linear"
						},
						"3.9583": {
							"vector": [6.5, 0, 0],
							"easing": "linear"
						},
						"4.6667": {
							"vector": [4.5, 0, 0],
							"easing": "linear"
						},
						"5.0417": {
							"vector": [-3, 0, 0],
							"easing": "linear"
						},
						"5.25": {
							"vector": [-5.5, 0, 0],
							"easing": "linear"
						},
						"5.375": {
							"vector": [4.5, 0, 0],
							"easing": "linear"
						},
						"5.7083": {
							"vector": [7, 0, 0],
							"easing": "linear"
						},
						"5.875": {
							"vector": [4.5, 0, 0],
							"easing": "linear"
						},
						"6.1667": {
							"vector": [1.5, 0, 0],
							"easing": "linear"
						},
						"6.375": {
							"vector": [7.5, 0, 0],
							"easing": "linear"
						},
						"6.75": {
							"vector": [4.5, 0, 0],
							"easing": "easeInBounce"
						},
						"7.125": {
							"vector": [-3, 0, 0],
							"easing": "easeInBounce"
						},
						"7.3333": {
							"vector": [-5.5, 0, 0],
							"easing": "easeInBounce"
						},
						"7.4583": {
							"vector": [4.5, 0, 0],
							"easing": "easeInBounce"
						},
						"7.7917": {
							"vector": [7, 0, 0],
							"easing": "easeInBounce"
						},
						"7.9583": {
							"vector": [4.5, 0, 0],
							"easing": "easeInBounce"
						},
						"8.25": {
							"vector": [6.5, 0, 0],
							"easing": "easeInBounce"
						},
						"8.4167": {
							"vector": [1.5, 0, 0],
							"easing": "easeInBounce"
						},
						"8.5417": {
							"vector": [-1.5, 0, 0],
							"easing": "easeInBounce"
						},
						"8.7083": {
							"vector": [-3.5, 0, 0],
							"easing": "easeInBounce"
						},
						"8.875": {
							"vector": [0.5, 0, 0],
							"easing": "easeInBounce"
						},
						"9.0": {
							"vector": [1.5, 0, 0],
							"easing": "easeInBounce"
						},
						"9.1667": {
							"vector": [7.5, 0, 0],
							"easing": "easeInBounce"
						},
						"9.8333": {
							"vector": [7.52832, 4.95712, 0.65426],
							"easing": "easeInBounce"
						},
						"10.875": {
							"vector": [7.5, 0, 0],
							"easing": "easeInBounce"
						},
						"12.0": {
							"vector": [7.56397, -7.43547, -0.98448],
							"easing": "easeInBounce"
						},
						"12.7083": {
							"vector": [7.5, 0, 0],
							"easing": "easeInBounce"
						}
					},
					"position": {
						"0.0": {
							"vector": [0, 0, -1]
						},
						"0.375": {
							"vector": [0, 0, -0.6],
							"easing": "linear"
						},
						"0.75": {
							"vector": [0, 0, 0.6],
							"easing": "linear"
						},
						"0.9583": {
							"vector": [0, 0, 1.1],
							"easing": "linear"
						},
						"1.0833": {
							"vector": [0, 0, -1.5],
							"easing": "linear"
						},
						"1.4167": {
							"vector": [0, 0, -2.4],
							"easing": "linear"
						},
						"1.5833": {
							"vector": [0, 0, -1.3],
							"easing": "linear"
						},
						"1.875": {
							"vector": [0, 0, -0.5],
							"easing": "linear"
						},
						"2.0833": {
							"vector": [0, 0, -1],
							"easing": "linear"
						},
						"2.4583": {
							"vector": [0, 0, -0.6],
							"easing": "linear"
						},
						"2.8333": {
							"vector": [0, 0, 0.6],
							"easing": "linear"
						},
						"3.0417": {
							"vector": [0, 0, 1.1],
							"easing": "linear"
						},
						"3.1667": {
							"vector": [0, 0, -1.5],
							"easing": "linear"
						},
						"3.5": {
							"vector": [0, 0, -2.4],
							"easing": "linear"
						},
						"3.6667": {
							"vector": [0, 0, -1.3],
							"easing": "linear"
						},
						"3.9583": {
							"vector": [0, 0, -1],
							"easing": "linear"
						},
						"4.6667": {
							"vector": [0, 0, -0.6],
							"easing": "linear"
						},
						"5.0417": {
							"vector": [0, 0, 0.6],
							"easing": "linear"
						},
						"5.25": {
							"vector": [0, 0, 1.1],
							"easing": "linear"
						},
						"5.375": {
							"vector": [0, 0, -1.5],
							"easing": "linear"
						},
						"5.7083": {
							"vector": [0, 0, -2.4],
							"easing": "linear"
						},
						"5.875": {
							"vector": [0, 0, -1.3],
							"easing": "linear"
						},
						"6.1667": {
							"vector": [0, 0, -0.5],
							"easing": "linear"
						},
						"6.375": {
							"vector": [0, 0, -1],
							"easing": "linear"
						},
						"6.75": {
							"vector": [0, 0, -0.6],
							"easing": "easeInBounce"
						},
						"7.125": {
							"vector": [0, 0, 0.6],
							"easing": "easeInBounce"
						},
						"7.3333": {
							"vector": [0, 0, 1.1],
							"easing": "easeInBounce"
						},
						"7.4583": {
							"vector": [0, 0, -1.5],
							"easing": "easeInBounce"
						},
						"7.7917": {
							"vector": [0, 0, -2.4],
							"easing": "easeInBounce"
						},
						"7.9583": {
							"vector": [0, 0, -1.3],
							"easing": "easeInBounce"
						},
						"8.25": {
							"vector": [0, 0, -1],
							"easing": "easeInBounce"
						},
						"8.4167": {
							"vector": [0, 0, -0.3],
							"easing": "easeInBounce"
						},
						"8.5417": {
							"vector": [0, 0, 0.1],
							"easing": "easeInBounce"
						},
						"8.7083": {
							"vector": [0, 0, 0.4],
							"easing": "easeInBounce"
						},
						"8.875": {
							"vector": [0, 0, -0.8],
							"easing": "easeInBounce"
						},
						"9.1667": {
							"vector": [0, 0, -1],
							"easing": "easeInBounce"
						}
					}
				},
				"LevNoga": {
					"rotation": {
						"0.0": {
							"vector": [-2.5, -10, 0]
						},
						"0.375": {
							"vector": [-3.5, -10, 0],
							"easing": "linear"
						},
						"0.75": {
							"vector": [-6.5, -10, 0],
							"easing": "linear"
						},
						"0.9583": {
							"vector": [-5.5, -10, 0],
							"easing": "linear"
						},
						"1.0833": {
							"vector": [2, -10, 0],
							"easing": "linear"
						},
						"1.4167": {
							"vector": [5, -10, 0],
							"easing": "linear"
						},
						"1.5833": {
							"vector": [0, -10, 0],
							"easing": "linear"
						},
						"1.875": {
							"vector": [-3.5, -10, 0],
							"easing": "linear"
						},
						"2.0833": {
							"vector": [-2.5, -10, 0],
							"easing": "linear"
						},
						"2.4583": {
							"vector": [-3.5, -10, 0],
							"easing": "linear"
						},
						"2.8333": {
							"vector": [-6.5, -10, 0],
							"easing": "linear"
						},
						"3.0417": {
							"vector": [-5.5, -10, 0],
							"easing": "linear"
						},
						"3.1667": {
							"vector": [2, -10, 0],
							"easing": "linear"
						},
						"3.5": {
							"vector": [5, -10, 0],
							"easing": "linear"
						},
						"3.6667": {
							"vector": [0, -10, 0],
							"easing": "linear"
						},
						"3.9583": {
							"vector": [-3.5, -10, 0],
							"easing": "linear"
						},
						"4.6667": {
							"vector": [-3.5, -10, 0],
							"easing": "linear"
						},
						"5.0417": {
							"vector": [-6.5, -10, 0],
							"easing": "linear"
						},
						"5.25": {
							"vector": [-5.5, -10, 0],
							"easing": "linear"
						},
						"5.375": {
							"vector": [2, -10, 0],
							"easing": "linear"
						},
						"5.7083": {
							"vector": [5, -10, 0],
							"easing": "linear"
						},
						"5.875": {
							"vector": [0, -10, 0],
							"easing": "linear"
						},
						"6.1667": {
							"vector": [-3.5, -10, 0],
							"easing": "linear"
						},
						"6.375": {
							"vector": [-2.5, -10, 0],
							"easing": "linear"
						},
						"6.75": {
							"vector": [-3.5, -10, 0]
						},
						"7.125": {
							"vector": [-6.5, -10, 0]
						},
						"7.3333": {
							"vector": [-5.5, -10, 0]
						},
						"7.4583": {
							"vector": [2, -10, 0]
						},
						"7.7917": {
							"vector": [5, -10, 0]
						},
						"7.9583": {
							"vector": [0, -10, 0]
						},
						"8.25": {
							"vector": [-3.5, -10, 0]
						},
						"8.5417": {
							"vector": [-2.5, -10, 0]
						},
						"8.7083": {
							"vector": [-3.5, -10, 0]
						},
						"8.875": {
							"vector": [-0.48078, -10.9972, -0.11548]
						},
						"9.0": {
							"vector": [0.51922, -10.9972, -0.11548]
						},
						"9.1667": {
							"vector": [-2.5, -10, 0]
						},
						"9.8333": {
							"vector": [-1.48831, -7.00102, -0.07908],
							"easing": "easeInBounce"
						},
						"10.875": {
							"vector": [-3.48831, -7.00102, -0.07908],
							"easing": "easeInBounce"
						}
					},
					"position": {
						"0.0": {
							"vector": [0, 0, 0]
						},
						"0.375": {
							"vector": [0, 0, 0.1],
							"easing": "linear"
						},
						"0.75": {
							"vector": [0, 0, 0.6],
							"easing": "linear"
						},
						"0.9583": {
							"vector": [0, 0, 0.4],
							"easing": "linear"
						},
						"1.0833": {
							"vector": [0, 0, -0.7],
							"easing": "linear"
						},
						"1.4167": {
							"vector": [0, 0, -1.2],
							"easing": "linear"
						},
						"1.5833": {
							"vector": [0, 0, -0.4],
							"easing": "linear"
						},
						"1.875": {
							"vector": [0, 0, 0.2],
							"easing": "linear"
						},
						"2.0833": {
							"vector": [0, 0, 0],
							"easing": "linear"
						},
						"2.4583": {
							"vector": [0, 0, 0.1],
							"easing": "linear"
						},
						"2.8333": {
							"vector": [0, 0, 0.6],
							"easing": "linear"
						},
						"3.0417": {
							"vector": [0, 0, 0.4],
							"easing": "linear"
						},
						"3.1667": {
							"vector": [0, 0, -0.7],
							"easing": "linear"
						},
						"3.5": {
							"vector": [0, 0, -1.2],
							"easing": "linear"
						},
						"3.6667": {
							"vector": [0, 0, -0.4],
							"easing": "linear"
						},
						"3.9583": {
							"vector": [0, 0, 0],
							"easing": "linear"
						},
						"4.6667": {
							"vector": [0, 0, 0.1],
							"easing": "linear"
						},
						"5.0417": {
							"vector": [0, 0, 0.6],
							"easing": "linear"
						},
						"5.25": {
							"vector": [0, 0, 0.4],
							"easing": "linear"
						},
						"5.375": {
							"vector": [0, 0, -0.7],
							"easing": "linear"
						},
						"5.7083": {
							"vector": [0, 0, -1.2],
							"easing": "linear"
						},
						"5.875": {
							"vector": [0, 0, -0.4],
							"easing": "linear"
						},
						"6.1667": {
							"vector": [0, 0, 0.2],
							"easing": "linear"
						},
						"6.375": {
							"vector": [0, 0, 0],
							"easing": "linear"
						},
						"6.75": {
							"vector": [0, 0, 0.1]
						},
						"7.125": {
							"vector": [0, 0, 0.6]
						},
						"7.3333": {
							"vector": [0, 0, 0.4]
						},
						"7.4583": {
							"vector": [0, 0, -0.7]
						},
						"7.7917": {
							"vector": [0, 0, -1.2]
						},
						"7.9583": {
							"vector": [0, 0, -0.4]
						},
						"8.25": {
							"vector": [0, 0, 0]
						},
						"8.4167": {
							"vector": [0, 0, 0.04]
						},
						"8.5417": {
							"vector": [0, 0, -0.1]
						},
						"8.7083": {
							"vector": [0, 0, 0]
						},
						"8.875": {
							"vector": [0, 0, -0.5]
						},
						"9.1667": {
							"vector": [0, 0, 0]
						},
						"9.8333": {
							"vector": [0, 0, -0.3],
							"easing": "easeInBounce"
						},
						"10.875": {
							"vector": [0, 0, 0],
							"easing": "easeInBounce"
						}
					}
				},
				"PravNoga": {
					"rotation": {
						"0.0": {
							"vector": [0, 12.5, 0]
						},
						"0.375": {
							"vector": [-1, 12.5, 0],
							"easing": "linear"
						},
						"0.75": {
							"vector": [-3, 12.5, 0],
							"easing": "linear"
						},
						"0.9583": {
							"vector": [-2, 12.5, 0],
							"easing": "linear"
						},
						"1.0833": {
							"vector": [3, 12.5, 0],
							"easing": "linear"
						},
						"1.4167": {
							"vector": [6, 12.5, 0],
							"easing": "linear"
						},
						"1.5833": {
							"vector": [1, 12.5, 0],
							"easing": "linear"
						},
						"1.875": {
							"vector": [-1, 12.5, 0],
							"easing": "linear"
						},
						"2.0833": {
							"vector": [0, 12.5, 0],
							"easing": "linear"
						},
						"2.4583": {
							"vector": [-1, 12.5, 0],
							"easing": "linear"
						},
						"2.8333": {
							"vector": [-3, 12.5, 0],
							"easing": "linear"
						},
						"3.0417": {
							"vector": [-2, 12.5, 0],
							"easing": "linear"
						},
						"3.1667": {
							"vector": [3, 12.5, 0],
							"easing": "linear"
						},
						"3.5": {
							"vector": [6, 12.5, 0],
							"easing": "linear"
						},
						"3.6667": {
							"vector": [1, 12.5, 0],
							"easing": "linear"
						},
						"3.9583": {
							"vector": [-1, 12.5, 0],
							"easing": "linear"
						},
						"4.6667": {
							"vector": [-1, 12.5, 0],
							"easing": "linear"
						},
						"5.0417": {
							"vector": [-3, 12.5, 0],
							"easing": "linear"
						},
						"5.25": {
							"vector": [-2, 12.5, 0],
							"easing": "linear"
						},
						"5.375": {
							"vector": [3, 12.5, 0],
							"easing": "linear"
						},
						"5.7083": {
							"vector": [6, 12.5, 0],
							"easing": "linear"
						},
						"5.875": {
							"vector": [1, 12.5, 0],
							"easing": "linear"
						},
						"6.1667": {
							"vector": [-1, 12.5, 0],
							"easing": "linear"
						},
						"6.375": {
							"vector": [0, 12.5, 0],
							"easing": "linear"
						},
						"6.75": {
							"vector": [-1, 12.5, 0]
						},
						"7.125": {
							"vector": [-3, 12.5, 0]
						},
						"7.3333": {
							"vector": [-2, 12.5, 0]
						},
						"7.4583": {
							"vector": [3, 12.5, 0]
						},
						"7.7917": {
							"vector": [6, 12.5, 0]
						},
						"7.9583": {
							"vector": [1, 12.5, 0]
						},
						"8.25": {
							"vector": [-1, 12.5, 0]
						},
						"8.4167": {
							"vector": [0, 12.5, 0]
						},
						"8.5417": {
							"vector": [1, 12.5, 0]
						},
						"8.7083": {
							"vector": [0, 12.5, 0]
						},
						"8.875": {
							"vector": [2.98151, 11.50379, -0.08894]
						},
						"9.0": {
							"vector": [3.98151, 11.50379, -0.08894]
						},
						"9.1667": {
							"vector": [0, 12.5, 0]
						},
						"9.8333": {
							"vector": [-1, 12.5, 0],
							"easing": "easeInBounce"
						},
						"10.875": {
							"vector": [-2, 12.5, 0],
							"easing": "easeInBounce"
						}
					},
					"position": {
						"0.0": {
							"vector": [0, 0, 0]
						},
						"0.375": {
							"vector": [0, 0, 0.1],
							"easing": "linear"
						},
						"0.75": {
							"vector": [0, 0, 0.3],
							"easing": "linear"
						},
						"0.9583": {
							"vector": [0, 0, 0.1],
							"easing": "linear"
						},
						"1.0833": {
							"vector": [0, 0, -1],
							"easing": "linear"
						},
						"1.4167": {
							"vector": [0, 0, -1.7],
							"easing": "linear"
						},
						"1.5833": {
							"vector": [0, 0, -0.7],
							"easing": "linear"
						},
						"1.875": {
							"vector": [0, 0, 0.2],
							"easing": "linear"
						},
						"2.0833": {
							"vector": [0, 0, 0],
							"easing": "linear"
						},
						"2.4583": {
							"vector": [0, 0, 0.1],
							"easing": "linear"
						},
						"2.8333": {
							"vector": [0, 0, 0.3],
							"easing": "linear"
						},
						"3.0417": {
							"vector": [0, 0, 0.1],
							"easing": "linear"
						},
						"3.1667": {
							"vector": [0, 0, -1],
							"easing": "linear"
						},
						"3.5": {
							"vector": [0, 0, -1.7],
							"easing": "linear"
						},
						"3.6667": {
							"vector": [0, 0, -0.7],
							"easing": "linear"
						},
						"3.9583": {
							"vector": [0, 0, 0],
							"easing": "linear"
						},
						"4.6667": {
							"vector": [0, 0, 0.1],
							"easing": "linear"
						},
						"5.0417": {
							"vector": [0, 0, 0.3],
							"easing": "linear"
						},
						"5.25": {
							"vector": [0, 0, 0.1],
							"easing": "linear"
						},
						"5.375": {
							"vector": [0, 0, -1],
							"easing": "linear"
						},
						"5.7083": {
							"vector": [0, 0, -1.7],
							"easing": "linear"
						},
						"5.875": {
							"vector": [0, 0, -0.7],
							"easing": "linear"
						},
						"6.1667": {
							"vector": [0, 0, 0.2],
							"easing": "linear"
						},
						"6.375": {
							"vector": [0, 0, 0],
							"easing": "linear"
						},
						"6.75": {
							"vector": [0, 0, 0.1]
						},
						"7.125": {
							"vector": [0, 0, 0.3]
						},
						"7.3333": {
							"vector": [0, 0, 0.1]
						},
						"7.4583": {
							"vector": [0, 0, -1]
						},
						"7.7917": {
							"vector": [0, 0, -1.7]
						},
						"7.9583": {
							"vector": [0, 0, -0.7]
						},
						"8.25": {
							"vector": [0, 0, 0]
						},
						"8.4167": {
							"vector": [0, 0, -0.1]
						},
						"8.5417": {
							"vector": [0, 0, -0.2]
						},
						"8.7083": {
							"vector": [0, 0, -0.1]
						},
						"8.875": {
							"vector": [0, 0, -0.9]
						},
						"9.1667": {
							"vector": [0, 0, 0]
						},
						"9.8333": {
							"vector": [0, 0, 0.2],
							"easing": "easeInBounce"
						},
						"10.875": {
							"vector": [0, 0, 0.3],
							"easing": "easeInBounce"
						}
					}
				},
				"LevRuka": {
					"rotation": {
						"0.0": {
							"vector": [0, -22.5, -2.5]
						},
						"0.375": {
							"vector": [-2.5, -22.5, -2.5],
							"easing": "linear"
						},
						"0.75": {
							"vector": [-12.5, -22.5, -2.5],
							"easing": "linear"
						},
						"0.9583": {
							"vector": [-32.99085, -9.27465, -0.34816],
							"easing": "linear"
						},
						"1.1667": {
							"vector": [16.62852, -0.34562, 4.17492],
							"easing": "linear"
						},
						"1.4167": {
							"vector": [3.98058, 2.08865, -5.52613],
							"easing": "linear"
						},
						"1.625": {
							"vector": [-13.80802, 11.80705, -7.90298],
							"easing": "linear"
						},
						"1.9167": {
							"vector": [7.5, -17.5, -2.5],
							"easing": "linear"
						},
						"2.0833": {
							"vector": [2.5, -22.5, -2.5],
							"easing": "linear"
						},
						"2.4583": {
							"vector": [-6, -22.5, -2.5],
							"easing": "linear"
						},
						"2.8333": {
							"vector": [-12.5, -22.5, -2.5],
							"easing": "linear"
						},
						"3.0417": {
							"vector": [-32.99085, -9.27465, -0.34816],
							"easing": "linear"
						},
						"3.1667": {
							"vector": [26.62852, -0.34562, 4.17492],
							"easing": "linear"
						},
						"3.5": {
							"vector": [3.98058, 2.08865, -5.52613],
							"easing": "linear"
						},
						"3.6667": {
							"vector": [-13.80802, 11.80705, -7.90298],
							"easing": "linear"
						},
						"3.9583": {
							"vector": [0, -17.5, -2.5],
							"easing": "linear"
						},
						"4.2917": {
							"vector": [8.82353, -19.85294, -2.5],
							"easing": "linear"
						},
						"4.375": {
							"vector": [4.30719, -20.44118, -2.5]
						},
						"4.6667": {
							"vector": [-2.5, -22.5, -2.5],
							"easing": "linear"
						},
						"5.0417": {
							"vector": [-12.5, -22.5, -2.5],
							"easing": "linear"
						},
						"5.25": {
							"vector": [-32.99085, -9.27465, -0.34816],
							"easing": "linear"
						},
						"5.375": {
							"vector": [26.62852, -0.34562, 4.17492],
							"easing": "linear"
						},
						"5.5": {
							"vector": [22.13554, 0.56723, 0.53703]
						},
						"5.7083": {
							"vector": [3.98058, 2.08865, -5.52613],
							"easing": "linear"
						},
						"5.875": {
							"vector": [-13.80802, 11.80705, -7.90298],
							"easing": "linear"
						},
						"6.1667": {
							"vector": [0, -17.5, -2.5],
							"easing": "linear"
						},
						"6.375": {
							"vector": [4, -22.5, -2.5],
							"easing": "linear"
						},
						"6.75": {
							"vector": [-2.5, -22.5, -2.5]
						},
						"7.125": {
							"vector": [-12.5, -22.5, -2.5]
						},
						"7.3333": {
							"vector": [-32.99085, -9.27465, -0.34816]
						},
						"7.4583": {
							"vector": [26.62852, -0.34562, 4.17492]
						},
						"7.7917": {
							"vector": [3.98058, 2.08865, -5.52613]
						},
						"7.9583": {
							"vector": [-13.80802, 11.80705, -7.90298]
						},
						"8.25": {
							"vector": [0, -17.5, -2.5]
						},
						"8.4167": {
							"vector": [2, -17.5, -2.5]
						},
						"8.5417": {
							"vector": [2.98421, -10.00028, -2.43373]
						},
						"8.7083": {
							"vector": [1.98421, -10.00028, -2.43373]
						},
						"8.875": {
							"vector": [3.48421, -10.00028, -2.43373]
						},
						"9.0": {
							"vector": [0.98421, -10.00028, -2.43373]
						},
						"9.1667": {
							"vector": [-2, -22.5, -2.5]
						},
						"9.25": {
							"vector": [-4.5, -22.5, -2.5]
						},
						"10.0417": {
							"vector": [-2, -22.5, -2.5]
						},
						"11.0": {
							"vector": [0.5, -22.5, -2.5]
						},
						"11.8333": {
							"vector": [-2, -22.5, -2.5]
						},
						"12.6667": {
							"vector": [-4.5, -22.5, -2.5]
						},
						"12.9583": {
							"vector": [-2, -22.5, -2.5]
						}
					},
					"position": {
						"0.0": {
							"vector": [0, 0, -1.8]
						},
						"0.375": {
							"vector": [0, 0, -1.2],
							"easing": "linear"
						},
						"0.75": {
							"vector": [0, 0, 0.3],
							"easing": "linear"
						},
						"0.9583": {
							"vector": [0, -0.3, 1.4],
							"easing": "linear"
						},
						"1.1667": {
							"vector": [0, -0.3, -1.6],
							"easing": "linear"
						},
						"1.4167": {
							"vector": [0, -0.1, -2.6],
							"easing": "linear"
						},
						"1.625": {
							"vector": [0, -0.1, -1.5],
							"easing": "linear"
						},
						"1.9167": {
							"vector": [0, 0, -1.1],
							"easing": "linear"
						},
						"2.0833": {
							"vector": [0, 0, -1.8],
							"easing": "linear"
						},
						"2.4583": {
							"vector": [0, 0, -1.2],
							"easing": "linear"
						},
						"2.8333": {
							"vector": [0, 0, 0.3],
							"easing": "linear"
						},
						"3.0417": {
							"vector": [0, -0.3, 1.4],
							"easing": "linear"
						},
						"3.1667": {
							"vector": [0, -0.3, -1.6],
							"easing": "linear"
						},
						"3.5": {
							"vector": [0, -0.1, -2.6],
							"easing": "linear"
						},
						"3.6667": {
							"vector": [0, -0.1, -1.5],
							"easing": "linear"
						},
						"3.9583": {
							"vector": [0, 0, -1.8],
							"easing": "linear"
						},
						"4.6667": {
							"vector": [0, 0, -1.2],
							"easing": "linear"
						},
						"5.0417": {
							"vector": [0, 0, 0.3],
							"easing": "linear"
						},
						"5.25": {
							"vector": [0, -0.3, 1.4],
							"easing": "linear"
						},
						"5.375": {
							"vector": [0, -0.3, -1.6],
							"easing": "linear"
						},
						"5.7083": {
							"vector": [0, -0.1, -2.6],
							"easing": "linear"
						},
						"5.875": {
							"vector": [0, -0.1, -1.5],
							"easing": "linear"
						},
						"6.1667": {
							"vector": [0, 0, -1.1],
							"easing": "linear"
						},
						"6.375": {
							"vector": [0, 0, -1.8],
							"easing": "linear"
						},
						"6.75": {
							"vector": [0, 0, -1.2]
						},
						"7.125": {
							"vector": [0, 0, 0.3]
						},
						"7.3333": {
							"vector": [0, -0.3, 1.4]
						},
						"7.4583": {
							"vector": [0, -0.3, -1.6]
						},
						"7.7917": {
							"vector": [0, -0.1, -2.6]
						},
						"7.9583": {
							"vector": [0, -0.1, -1.5]
						},
						"8.25": {
							"vector": [0, 0, -1.8]
						},
						"8.4167": {
							"vector": [0, 0, -0.6]
						},
						"8.5417": {
							"vector": [0, 0, 0.2]
						},
						"8.7083": {
							"vector": [0, 0, 0.5]
						},
						"8.875": {
							"vector": [0, 0, -0.8]
						},
						"9.1667": {
							"vector": [0, 0, -1.8]
						}
					}
				},
				"PravRuka": {
					"rotation": {
						"0.0": {
							"vector": [0, 22.5, 2.5]
						},
						"0.375": {
							"vector": [-2.5, 22.5, 2.5],
							"easing": "linear"
						},
						"0.75": {
							"vector": [-15, 22.5, 2.5],
							"easing": "linear"
						},
						"0.9583": {
							"vector": [-32.32701, 7.01357, 3.17293],
							"easing": "linear"
						},
						"1.1667": {
							"vector": [12.58498, 4.66622, 2.30817],
							"easing": "linear"
						},
						"1.4167": {
							"vector": [0.25878, 3.804, 4.66123],
							"easing": "linear"
						},
						"1.625": {
							"vector": [-30.11566, -3.70014, 8.96517],
							"easing": "linear"
						},
						"1.9167": {
							"vector": [7.5, 19.5, 2.5],
							"easing": "linear"
						},
						"2.0833": {
							"vector": [2.5, 22.5, 2.5],
							"easing": "linear"
						},
						"2.4583": {
							"vector": [-6, 22.5, 2.5],
							"easing": "linear"
						},
						"2.8333": {
							"vector": [-15, 22.5, 2.5],
							"easing": "linear"
						},
						"3.0417": {
							"vector": [-32.32701, 7.01357, 3.17293],
							"easing": "linear"
						},
						"3.1667": {
							"vector": [20.08498, 4.66622, 2.30817],
							"easing": "linear"
						},
						"3.5": {
							"vector": [0.25878, 3.804, 4.66123],
							"easing": "linear"
						},
						"3.6667": {
							"vector": [-30.11566, -3.70014, 8.96517],
							"easing": "linear"
						},
						"3.9583": {
							"vector": [0, 19.5, 2.5],
							"easing": "linear"
						},
						"4.2917": {
							"vector": [6.82353, 20.91176, 2.5],
							"easing": "linear"
						},
						"4.375": {
							"vector": [2.75163, 21.26471, 2.5]
						},
						"4.6667": {
							"vector": [-2.5, 22.5, 2.5],
							"easing": "linear"
						},
						"5.0417": {
							"vector": [-15, 22.5, 2.5],
							"easing": "linear"
						},
						"5.25": {
							"vector": [-32.32701, 7.01357, 3.17293],
							"easing": "linear"
						},
						"5.375": {
							"vector": [20.08498, 4.66622, 2.30817],
							"easing": "linear"
						},
						"5.5": {
							"vector": [24.65015, 4.34289, 3.19057]
						},
						"5.7083": {
							"vector": [0.25878, 3.804, 4.66123],
							"easing": "linear"
						},
						"5.875": {
							"vector": [-30.11566, -3.70014, 8.96517],
							"easing": "linear"
						},
						"6.1667": {
							"vector": [0, 19.5, 2.5],
							"easing": "linear"
						},
						"6.375": {
							"vector": [2, 22.5, 2.5],
							"easing": "linear"
						},
						"6.75": {
							"vector": [-2.5, 22.5, 2.5]
						},
						"7.125": {
							"vector": [-15, 22.5, 2.5]
						},
						"7.3333": {
							"vector": [-32.32701, 7.01357, 3.17293]
						},
						"7.4583": {
							"vector": [20.08498, 4.66622, 2.30817]
						},
						"7.7917": {
							"vector": [0.25878, 3.804, 4.66123]
						},
						"7.9583": {
							"vector": [-30.11566, -3.70014, 8.96517]
						},
						"8.25": {
							"vector": [0, 19.5, 2.5]
						},
						"8.4167": {
							"vector": [3, 19.5, 2.5]
						},
						"8.5417": {
							"vector": [5, 12, 2.5]
						},
						"8.7083": {
							"vector": [3.5, 12, 2.5]
						},
						"8.875": {
							"vector": [4.5, 12, 2.5]
						},
						"9.0": {
							"vector": [2, 12, 2.5]
						},
						"9.1667": {
							"vector": [-1, 22.5, 2.5]
						},
						"9.25": {
							"vector": [-3.5, 22.5, 2.5]
						},
						"10.0417": {
							"vector": [-1, 22.5, 2.5]
						},
						"11.0": {
							"vector": [1.5, 22.5, 2.5]
						},
						"11.8333": {
							"vector": [-1, 22.5, 2.5]
						},
						"12.6667": {
							"vector": [-3.5, 22.5, 2.5]
						},
						"12.9583": {
							"vector": [-1, 22.5, 2.5]
						}
					},
					"position": {
						"0.0": {
							"vector": [0, 0, -1.8]
						},
						"0.375": {
							"vector": [0, 0, -1.2],
							"easing": "linear"
						},
						"0.75": {
							"vector": [0, 0, 0.2],
							"easing": "linear"
						},
						"0.9583": {
							"vector": [0, -0.3, 1.4],
							"easing": "linear"
						},
						"1.1667": {
							"vector": [0, -0.3, -1.7],
							"easing": "linear"
						},
						"1.4167": {
							"vector": [0, -0.1, -2.6],
							"easing": "linear"
						},
						"1.625": {
							"vector": [0, -0.1, -1.5],
							"easing": "linear"
						},
						"1.9167": {
							"vector": [0, 0, -1.3],
							"easing": "linear"
						},
						"2.0833": {
							"vector": [0, 0, -1.8],
							"easing": "linear"
						},
						"2.4583": {
							"vector": [0, 0, -1.2],
							"easing": "linear"
						},
						"2.8333": {
							"vector": [0, 0, 0.2],
							"easing": "linear"
						},
						"3.0417": {
							"vector": [0, -0.3, 1.4],
							"easing": "linear"
						},
						"3.1667": {
							"vector": [0, -0.3, -1.7],
							"easing": "linear"
						},
						"3.5": {
							"vector": [0, -0.1, -2.6],
							"easing": "linear"
						},
						"3.6667": {
							"vector": [0, -0.1, -1.5],
							"easing": "linear"
						},
						"3.9583": {
							"vector": [0, 0, -1.8],
							"easing": "linear"
						},
						"4.6667": {
							"vector": [0, 0, -1.2],
							"easing": "linear"
						},
						"5.0417": {
							"vector": [0, 0, 0.2],
							"easing": "linear"
						},
						"5.25": {
							"vector": [0, -0.3, 1.4],
							"easing": "linear"
						},
						"5.375": {
							"vector": [0, -0.3, -1.7],
							"easing": "linear"
						},
						"5.7083": {
							"vector": [0, -0.1, -2.6],
							"easing": "linear"
						},
						"5.875": {
							"vector": [0, -0.1, -1.5],
							"easing": "linear"
						},
						"6.1667": {
							"vector": [0, 0, -1.3],
							"easing": "linear"
						},
						"6.375": {
							"vector": [0, 0, -1.8],
							"easing": "linear"
						},
						"6.75": {
							"vector": [0, 0, -1.2]
						},
						"7.125": {
							"vector": [0, 0, 0.2]
						},
						"7.3333": {
							"vector": [0, -0.3, 1.4]
						},
						"7.4583": {
							"vector": [0, -0.3, -1.7]
						},
						"7.7917": {
							"vector": [0, -0.1, -2.6]
						},
						"7.9583": {
							"vector": [0, -0.1, -1.5]
						},
						"8.25": {
							"vector": [0, 0, -1.8]
						},
						"8.4167": {
							"vector": [0, 0, -0.7]
						},
						"8.5417": {
							"vector": [0, 0, 0.2]
						},
						"8.7083": {
							"vector": [0, 0, 0.5]
						},
						"8.875": {
							"vector": [0, 0, -1]
						},
						"9.1667": {
							"vector": [0, 0, -1.8]
						}
					}
				},
				"head": {
					"rotation": {
						"0.0": {
							"vector": [2.52154, 7.49282, 0.32902]
						},
						"0.375": {
							"vector": [3.53013, 7.48593, 0.46049],
							"easing": "easeInBounce"
						},
						"0.75": {
							"vector": [-4.41949, 18.11907, 5.79348],
							"easing": "easeInBounce"
						},
						"0.9583": {
							"vector": [-9.13652, 9.87564, -1.58002],
							"easing": "easeInBounce"
						},
						"1.0833": {
							"vector": [3.62314, 14.97137, 0.93716],
							"easing": "easeInBounce"
						},
						"1.4167": {
							"vector": [13.54099, 4.90791, 0.95639],
							"easing": "easeInBounce"
						},
						"1.5833": {
							"vector": [8.50333, -2.49533, -0.15272],
							"easing": "easeInBounce"
						},
						"1.875": {
							"vector": [5.00954, -4.99523, -0.21865],
							"easing": "easeInBounce"
						},
						"2.0833": {
							"vector": [2.50238, 2.49762, 0.10912],
							"easing": "easeInBounce"
						},
						"2.4583": {
							"vector": [3.50333, -2.49533, -0.15272],
							"easing": "easeInBounce"
						},
						"2.8333": {
							"vector": [-6.5, 0, 0],
							"easing": "easeInBounce"
						},
						"3.0417": {
							"vector": [-9, 0, 0],
							"easing": "easeInBounce"
						},
						"3.1667": {
							"vector": [3.5, 0, 0],
							"easing": "easeInBounce"
						},
						"3.5": {
							"vector": [11, 0, 0],
							"easing": "easeInBounce"
						},
						"3.6667": {
							"vector": [3.5, 0, 0],
							"easing": "easeInBounce"
						},
						"4.6667": {
							"vector": [3.5, 0, 0],
							"easing": "easeInBounce"
						},
						"5.0417": {
							"vector": [-6.52462, -4.96778, 0.56744],
							"easing": "easeInBounce"
						},
						"5.25": {
							"vector": [-8.67151, -20.13976, 0.63289],
							"easing": "easeInBounce"
						},
						"5.375": {
							"vector": [8.7563, -28.82413, -13.38409],
							"easing": "easeInBounce"
						},
						"5.7083": {
							"vector": [15.91401, -30.58332, -12.5924],
							"easing": "easeInBounce"
						},
						"5.875": {
							"vector": [4.67974, -24.76558, -4.35477],
							"easing": "easeInBounce"
						},
						"6.1667": {
							"vector": [3.14392, -14.86049, -3.25121],
							"easing": "easeInBounce"
						},
						"6.375": {
							"vector": [2.50238, -2.49762, -0.10912],
							"easing": "easeInBounce"
						},
						"7.125": {
							"vector": [-6.5, 0, 0],
							"easing": "easeInBounce"
						},
						"7.3333": {
							"vector": [-9, 0, 0],
							"easing": "easeInBounce"
						},
						"7.4583": {
							"vector": [3.5, 0, 0],
							"easing": "easeInBounce"
						},
						"7.7917": {
							"vector": [11, 0, 0],
							"easing": "easeInBounce"
						},
						"7.9583": {
							"vector": [3.5, 0, 0],
							"easing": "easeInBounce"
						},
						"8.25": {
							"vector": [2.5, 0, 0],
							"easing": "easeInBounce"
						},
						"8.4167": {
							"vector": [0, 0, 0],
							"easing": "easeInBounce"
						},
						"8.5417": {
							"vector": [1, 0, 0],
							"easing": "easeInBounce"
						},
						"8.7083": {
							"vector": [3, 0, 0],
							"easing": "easeInBounce"
						},
						"8.875": {
							"vector": [4, 0, 0],
							"easing": "easeInBounce"
						},
						"9.0": {
							"vector": [4, 0, 0],
							"easing": "easeInBounce"
						},
						"9.1667": {
							"vector": [2.50238, 2.49762, 0.10912],
							"easing": "easeInBounce"
						},
						"9.375": {
							"vector": [2.50954, 4.99523, 0.21865],
							"easing": "easeInBounce"
						},
						"9.5417": {
							"vector": [5.03852, 9.99038, 0.44067],
							"easing": "easeInBounce"
						},
						"9.7083": {
							"vector": [0.08233, 12.48064, 0.66548],
							"easing": "easeInBounce"
						},
						"10.0": {
							"vector": [5.66709, 29.91562, 2.18525],
							"easing": "easeInBounce"
						},
						"10.1667": {
							"vector": [6.81637, 27.15857, 4.70412],
							"easing": "easeInBounce"
						},
						"10.375": {
							"vector": [7.80505, 24.36077, 7.10359],
							"easing": "easeInBounce"
						},
						"10.5833": {
							"vector": [6.73215, 12.27239, 2.84386],
							"easing": "easeInBounce"
						},
						"10.75": {
							"vector": [6.3853, 5.10571, -0.5293],
							"easing": "easeInBounce"
						},
						"10.9583": {
							"vector": [8.19721, -13.48463, -12.97156],
							"easing": "easeInBounce"
						},
						"11.25": {
							"vector": [7.87689, -26.21023, -12.19453],
							"easing": "easeInBounce"
						},
						"11.4583": {
							"vector": [6.93547, -36.44723, -10.81024],
							"easing": "easeInBounce"
						},
						"11.6667": {
							"vector": [7.17269, -38.92832, -11.19817],
							"easing": "easeInBounce"
						},
						"11.9583": {
							"vector": [5.04204, -34.22131, -7.44331],
							"easing": "easeInBounce"
						},
						"12.25": {
							"vector": [3.48765, -21.93792, -3.58266],
							"easing": "easeInBounce"
						},
						"12.5417": {
							"vector": [2.77491, -12.08803, -0.41151],
							"easing": "easeInBounce"
						},
						"12.875": {
							"vector": [2.71516, -2.09945, 0.07049],
							"easing": "easeInBounce"
						},
						"12.9583": {
							"vector": [2.7168, 2.89494, 0.30734],
							"easing": "easeInBounce"
						}
					},
					"position": {
						"0.0": {
							"vector": [0, 0, -1.7]
						},
						"0.375": {
							"vector": [0, 0, -0.8],
							"easing": "linear"
						},
						"0.75": {
							"vector": [0, 0, 0.5],
							"easing": "linear"
						},
						"0.9583": {
							"vector": [0, 0, 0.8],
							"easing": "linear"
						},
						"1.0833": {
							"vector": [0, 0, -1.2],
							"easing": "linear"
						},
						"1.4167": {
							"vector": [0, 0, -2.9],
							"easing": "linear"
						},
						"1.5833": {
							"vector": [0, 0, -1.9],
							"easing": "linear"
						},
						"1.875": {
							"vector": [0, 0, -1.5],
							"easing": "linear"
						},
						"2.0833": {
							"vector": [0, 0, -1.7],
							"easing": "linear"
						},
						"2.4583": {
							"vector": [0, 0, -0.8],
							"easing": "linear"
						},
						"2.8333": {
							"vector": [0, 0, 0.5],
							"easing": "linear"
						},
						"3.0417": {
							"vector": [0, 0, 0.8],
							"easing": "linear"
						},
						"3.1667": {
							"vector": [0, 0, -1.2],
							"easing": "linear"
						},
						"3.5": {
							"vector": [0, 0, -2.9],
							"easing": "linear"
						},
						"3.6667": {
							"vector": [0, 0, -1.9],
							"easing": "linear"
						},
						"4.6667": {
							"vector": [0, 0, -0.8],
							"easing": "linear"
						},
						"5.0417": {
							"vector": [0, 0, 0.5],
							"easing": "linear"
						},
						"5.25": {
							"vector": [0, 0, 0.8],
							"easing": "linear"
						},
						"5.375": {
							"vector": [0, 0, -1.2],
							"easing": "linear"
						},
						"5.7083": {
							"vector": [0, 0, -2.9],
							"easing": "linear"
						},
						"5.875": {
							"vector": [0, 0, -1.9],
							"easing": "linear"
						},
						"6.1667": {
							"vector": [0, 0, -1.2],
							"easing": "linear"
						},
						"6.375": {
							"vector": [0, 0, -1.7],
							"easing": "linear"
						},
						"7.125": {
							"vector": [0, 0, 0.5]
						},
						"7.3333": {
							"vector": [0, 0, 0.8]
						},
						"7.4583": {
							"vector": [0, 0, -1.2]
						},
						"7.7917": {
							"vector": [0, 0, -2.9]
						},
						"7.9583": {
							"vector": [0, 0, -1.9]
						},
						"8.25": {
							"vector": [0, 0, -1.7]
						},
						"8.4167": {
							"vector": [0, 0, -0.6]
						},
						"8.5417": {
							"vector": [0, 0, 0.1]
						},
						"8.7083": {
							"vector": [0, 0, 0.5]
						},
						"8.875": {
							"vector": [0, 0, -1.2]
						},
						"9.1667": {
							"vector": [0, 0, -1.7]
						}
					}
				},
				"chelyst": {
					"rotation": {
						"0.0": {
							"vector": [2.5, 0, 0]
						},
						"0.375": {
							"vector": [5, 0, 0],
							"easing": "linear"
						},
						"0.75": {
							"vector": [10, 0, 0],
							"easing": "linear"
						},
						"0.9583": {
							"vector": [5, 0, 0],
							"easing": "linear"
						},
						"1.0833": {
							"vector": [0, 0, 0],
							"easing": "linear"
						},
						"1.4167": {
							"vector": [7.5, 0, 0],
							"easing": "linear"
						},
						"1.5833": {
							"vector": [5, 0, 0],
							"easing": "linear"
						},
						"1.875": {
							"vector": [2.5, 0, 0],
							"easing": "linear"
						},
						"2.0833": {
							"vector": [5, 0, 0],
							"easing": "linear"
						},
						"2.4583": {
							"vector": [7.5, 0, 0],
							"easing": "linear"
						},
						"2.8333": {
							"vector": [22.5, 0, 0],
							"easing": "linear"
						},
						"3.0417": {
							"vector": [5, 0, 0],
							"easing": "linear"
						},
						"3.1667": {
							"vector": [-2.5, 0, 0],
							"easing": "linear"
						},
						"3.5": {
							"vector": [10, 0, 0],
							"easing": "linear"
						},
						"3.6667": {
							"vector": [5, 0, 0],
							"easing": "linear"
						},
						"3.9583": {
							"vector": [2.5, 0, 0],
							"easing": "linear"
						},
						"4.6667": {
							"vector": [5, 0, 0],
							"easing": "linear"
						},
						"5.0417": {
							"vector": [10, 0, 0],
							"easing": "linear"
						},
						"5.25": {
							"vector": [5, 0, 0],
							"easing": "linear"
						},
						"5.375": {
							"vector": [0, 0, 0],
							"easing": "linear"
						},
						"5.7083": {
							"vector": [7.5, 0, 0],
							"easing": "linear"
						},
						"5.875": {
							"vector": [5, 0, 0],
							"easing": "linear"
						},
						"6.1667": {
							"vector": [2.5, 0, 0],
							"easing": "linear"
						},
						"6.375": {
							"vector": [5, 0, 0],
							"easing": "linear"
						},
						"6.75": {
							"vector": [7.5, 0, 0]
						},
						"7.125": {
							"vector": [22.5, 0, 0]
						},
						"7.3333": {
							"vector": [5, 0, 0]
						},
						"7.4583": {
							"vector": [-2.5, 0, 0]
						},
						"7.7917": {
							"vector": [10, 0, 0]
						},
						"7.9583": {
							"vector": [5, 0, 0]
						},
						"8.25": {
							"vector": [2.5, 0, 0]
						},
						"8.4167": {
							"vector": [5, 0, 0]
						},
						"8.5417": {
							"vector": [7.5, 0, 0]
						},
						"8.7083": {
							"vector": [6.5, 0, 0]
						},
						"8.875": {
							"vector": [8.5, 0, 0]
						},
						"9.0": {
							"vector": [1, 0, 0]
						},
						"9.1667": {
							"vector": [2.5, 0, 0]
						},
						"9.375": {
							"vector": [5, 0, 0],
							"easing": "easeInBounce"
						},
						"9.5417": {
							"vector": [10, 0, 0],
							"easing": "easeInBounce"
						},
						"9.7083": {
							"vector": [12.5, 0, 0],
							"easing": "easeInBounce"
						},
						"9.875": {
							"vector": [10, 0, 0],
							"easing": "easeInBounce"
						},
						"10.125": {
							"vector": [12.5, 0, 0],
							"easing": "easeInBounce"
						},
						"10.5": {
							"vector": [10, 0, 0],
							"easing": "easeInBounce"
						},
						"10.75": {
							"vector": [7.5, 0, 0],
							"easing": "easeInBounce"
						},
						"10.875": {
							"vector": [-2.5, 0, 0],
							"easing": "easeInBounce"
						},
						"10.9583": {
							"vector": [0, 0, 0],
							"easing": "easeInBounce"
						},
						"11.2083": {
							"vector": [5, 0, 0],
							"easing": "easeInBounce"
						},
						"11.75": {
							"vector": [10, 0, 0],
							"easing": "easeInBounce"
						},
						"12.0": {
							"vector": [12.5, 0, 0],
							"easing": "easeInBounce"
						},
						"12.3333": {
							"vector": [10, 0, 0],
							"easing": "easeInBounce"
						},
						"12.6667": {
							"vector": [5, 0, 0],
							"easing": "easeInBounce"
						},
						"12.9167": {
							"vector": [0, 0, 0],
							"easing": "easeInBounce"
						}
					}
				},
				"serdce": {
					"scale": {
						"0.0": {
							"vector": [0.7, 1, 0.9]
						},
						"0.0417": {
							"vector": [0.9, 1.1, 1]
						},
						"0.0833": {
							"vector": [0.7, 1, 0.9]
						},
						"0.125": {
							"vector": [0.9, 1.1, 1]
						},
						"0.25": {
							"vector": [0.7, 1, 0.9]
						},
						"1.2917": {
							"vector": [0.7, 1, 0.9]
						},
						"1.3333": {
							"vector": [0.9, 1.1, 1]
						},
						"1.375": {
							"vector": [0.7, 1, 0.9]
						},
						"1.4167": {
							"vector": [0.9, 1.1, 1]
						},
						"1.5417": {
							"vector": [0.7, 1, 0.9]
						},
						"2.5417": {
							"vector": [0.7, 1, 0.9]
						},
						"2.5833": {
							"vector": [0.9, 1.1, 1]
						},
						"2.625": {
							"vector": [0.7, 1, 0.9]
						},
						"2.6667": {
							"vector": [0.9, 1.1, 1]
						},
						"2.7917": {
							"vector": [0.7, 1, 0.9]
						},
						"3.8333": {
							"vector": [0.7, 1, 0.9]
						},
						"3.875": {
							"vector": [0.9, 1.1, 1]
						},
						"3.9167": {
							"vector": [0.7, 1, 0.9]
						},
						"3.9583": {
							"vector": [0.9, 1.1, 1]
						},
						"4.0833": {
							"vector": [0.7, 1, 0.9]
						},
						"5.2083": {
							"vector": [0.7, 1, 0.9]
						},
						"5.25": {
							"vector": [0.9, 1.1, 1]
						},
						"5.2917": {
							"vector": [0.7, 1, 0.9]
						},
						"5.3333": {
							"vector": [0.9, 1.1, 1]
						},
						"5.4583": {
							"vector": [0.7, 1, 0.9]
						},
						"6.9167": {
							"vector": [0.7, 1, 0.9]
						},
						"6.9583": {
							"vector": [0.9, 1.1, 1]
						},
						"7.0": {
							"vector": [0.7, 1, 0.9]
						},
						"7.0417": {
							"vector": [0.9, 1.1, 1]
						},
						"7.1667": {
							"vector": [0.7, 1, 0.9]
						},
						"7.75": {
							"vector": [0.7, 1, 0.9]
						},
						"7.7917": {
							"vector": [0.9, 1.1, 1]
						},
						"7.8333": {
							"vector": [0.7, 1, 0.9]
						},
						"7.875": {
							"vector": [0.9, 1.1, 1]
						},
						"8.0": {
							"vector": [0.7, 1, 0.9]
						},
						"9.0": {
							"vector": [0.7, 1, 0.9]
						},
						"9.0417": {
							"vector": [0.9, 1.1, 1]
						},
						"9.0833": {
							"vector": [0.7, 1, 0.9]
						},
						"9.125": {
							"vector": [0.9, 1.1, 1]
						},
						"9.25": {
							"vector": [0.7, 1, 0.9]
						},
						"10.75": {
							"vector": [0.7, 1, 0.9]
						},
						"10.7917": {
							"vector": [0.9, 1.1, 1]
						},
						"10.8333": {
							"vector": [0.7, 1, 0.9]
						},
						"10.875": {
							"vector": [0.9, 1.1, 1]
						},
						"11.0": {
							"vector": [0.7, 1, 0.9]
						},
						"12.4167": {
							"vector": [0.7, 1, 0.9]
						},
						"12.4583": {
							"vector": [0.9, 1.1, 1]
						},
						"12.5": {
							"vector": [0.7, 1, 0.9]
						},
						"12.5417": {
							"vector": [0.9, 1.1, 1]
						},
						"12.6667": {
							"vector": [0.7, 1, 0.9]
						}
					}
				}
			}
		},
		"walk": {
			"loop": true,
			"animation_length": 1.04167,
			"bones": {
				"telo": {
					"rotation": {
						"0.0": {
							"vector": [-6.61215, -8.87358, 1.29804]
						},
						"0.0417": {
							"vector": [-10.45036, -27.46989, 10.06138]
						},
						"0.125": {
							"vector": [-11.44802, -33.67055, 12.58656]
						},
						"0.25": {
							"vector": [-9.62575, -16.88575, 6.48552]
						},
						"0.4167": {
							"vector": [0.74327, 5.45368, 5.40316]
						},
						"0.4583": {
							"vector": [-7.08164, 20.9312, -6.49624]
						},
						"0.5417": {
							"vector": [-13.72625, 25.60858, -20.34188]
						},
						"0.625": {
							"vector": [1.79973, 38.09416, -7.80411]
						},
						"0.7917": {
							"vector": [-9.65777, 27.66742, -5.15153]
						},
						"1.0417": {
							"vector": [-7.14104, -23.76705, 3.16416]
						}
					},
					"position": {
						"0.0": {
							"vector": [0, 0, 0.9]
						},
						"0.0417": {
							"vector": [0, 0, 0.8]
						},
						"0.125": {
							"vector": [0, 0, 0]
						},
						"0.25": {
							"vector": [0, -0.5, -0.5]
						},
						"0.4167": {
							"vector": [0, -0.5, -3.6]
						},
						"0.4583": {
							"vector": [-1.25, -0.35, -3.3]
						},
						"0.5417": {
							"vector": [-2.5, -0.2, -2.2]
						},
						"0.625": {
							"vector": [-1.3, -0.8, -2.6]
						},
						"0.7917": {
							"vector": [-0.8, -0.8, -1.1]
						},
						"1.0417": {
							"vector": [0, 0, 1.4]
						}
					}
				},
				"LevNoga": {
					"rotation": {
						"0.0": {
							"vector": [22.46308, -5.87876, -0.1118]
						},
						"0.0417": {
							"vector": [25.40168, -3.49355, 0.63961]
						},
						"0.125": {
							"vector": [14.90168, -3.49355, 0.63961]
						},
						"0.25": {
							"vector": [14.90169, -3.49355, 0.63961],
							"easing": "easeInBounce"
						},
						"0.4167": {
							"vector": [30.40168, -3.49355, 0.63961]
						},
						"0.5417": {
							"vector": [-23.75397, -4.75592, 2.80314]
						},
						"0.625": {
							"vector": [-16.80579, -5.68247, -2.1797]
						},
						"0.7917": {
							"vector": [-6.80579, -5.68247, -2.1797]
						},
						"1.0417": {
							"vector": [12.46308, -5.87876, -0.1118]
						}
					},
					"position": {
						"0.0": {
							"vector": [0, -0.6, 2.2]
						},
						"0.0417": {
							"vector": [0, -0.8, 3.2]
						},
						"0.125": {
							"vector": [-0.4, 0.1, 0.8]
						},
						"0.25": {
							"vector": [0, 0.5, -1.3],
							"easing": "easeInBounce"
						},
						"0.4167": {
							"vector": [0, 0.8, -6.1]
						},
						"0.5417": {
							"vector": [-0.1, 2, -7.1]
						},
						"0.625": {
							"vector": [-0.1, -0.6, -4.9]
						},
						"0.7917": {
							"vector": [-0.1, -0.3, -4.9]
						},
						"1.0417": {
							"vector": [0, -0.3, 2.6]
						}
					}
				},
				"PravNoga": {
					"rotation": {
						"0.0": {
							"vector": [-8.03477, 6.50358, -0.21037]
						},
						"0.0417": {
							"vector": [-3.03477, 6.50358, -0.21037]
						},
						"0.125": {
							"vector": [-20.53477, 6.50358, -0.21037]
						},
						"0.25": {
							"vector": [-13.03477, 6.50358, -0.21037],
							"easing": "easeInBounce"
						},
						"0.4167": {
							"vector": [-3.03477, 6.50358, -0.21037]
						},
						"0.5417": {
							"vector": [12.57922, 6.5032, 0.79611]
						},
						"0.625": {
							"vector": [23.04852, 0.30337, 2.04292]
						},
						"0.7917": {
							"vector": [27.04852, 0.30337, 2.04292]
						},
						"1.0417": {
							"vector": [0.30711, 6.49645, 2.80904]
						}
					},
					"position": {
						"0.0": {
							"vector": [0, 0.8, -0.7]
						},
						"0.0417": {
							"vector": [-0.8, 1.9, -2.7]
						},
						"0.125": {
							"vector": [-0.8, 0.61, -4]
						},
						"0.25": {
							"vector": [-0.8, 0.3, -4.6],
							"easing": "easeInBounce"
						},
						"0.4167": {
							"vector": [-0.8, -0.57, -3.57]
						},
						"0.5417": {
							"vector": [-0.8, -0.1, -1.7]
						},
						"0.625": {
							"vector": [-0.8, -0.5, 1.9]
						},
						"0.7917": {
							"vector": [-0.8, -0.1, 0.8]
						},
						"1.0417": {
							"vector": [0, 0.8, -1.6]
						}
					},
					"scale": {
						"0.0417": {
							"vector": [1, 1, 1]
						},
						"0.125": {
							"vector": [1, 1.1, 1]
						},
						"0.4167": {
							"vector": [1, 0.96, 1]
						},
						"0.5": {
							"vector": [1, 1, 1]
						}
					}
				},
				"LevRuka": {
					"rotation": {
						"0.0": {
							"vector": [2.86314, 0.1733, -9.42621]
						},
						"0.0417": {
							"vector": [-17.73798, 2.16439, -18.73503]
						},
						"0.0833": {
							"vector": [-13.2209, -4.98333, -26.43926]
						},
						"0.125": {
							"vector": [-9.69703, -8.86627, -20.49289]
						},
						"0.25": {
							"vector": [-14.34706, -4.28208, -5.61423]
						},
						"0.2917": {
							"vector": [-7.60967, -4.82174, -11.15695]
						},
						"0.4167": {
							"vector": [11.79566, -5.09881, -17.84275]
						},
						"0.5417": {
							"vector": [5.38648, -3.50154, -32.78226]
						},
						"0.625": {
							"vector": [-4.46184, 28.34014, -10.65351]
						},
						"0.6667": {
							"vector": [-8.51663, 27.00066, -19.62669]
						},
						"0.7917": {
							"vector": [-16.66518, 23.65896, -38.04064]
						},
						"1.0417": {
							"vector": [2.82074, 0.5208, -16.41772]
						}
					},
					"position": {
						"0.0": {
							"vector": [0, 0, 1.8]
						},
						"0.0417": {
							"vector": [0.6, -0.7, 2.6]
						},
						"0.125": {
							"vector": [0.4, -0.9, 1.9]
						},
						"0.25": {
							"vector": [0.4, -0.9, 0.4]
						},
						"0.4167": {
							"vector": [0.4, -0.9, -3.8]
						},
						"0.5417": {
							"vector": [-3.4, 0.3, -6.1]
						},
						"0.625": {
							"vector": [-2.7, -0.6, -5.2]
						},
						"0.7917": {
							"vector": [-0.6, -0.6, -2.1]
						},
						"1.0417": {
							"vector": [0, 0, 1.8]
						}
					}
				},
				"PravRuka": {
					"rotation": {
						"0.0": {
							"vector": [6.1964, -0.77079, 17.17947]
						},
						"0.0833": {
							"vector": [-4.26681, -1.18076, 36.10508]
						},
						"0.125": {
							"vector": [-4.16521, 5.43381, 30.60979]
						},
						"0.25": {
							"vector": [-3.74047, 3.82113, 11.11311]
						},
						"0.2917": {
							"vector": [-0.2478, 3.93623, 16.50226]
						},
						"0.4167": {
							"vector": [9.43693, 2.5413, 22.51266]
						},
						"0.5417": {
							"vector": [4.02975, 3.7464, 15.0988]
						},
						"0.625": {
							"vector": [2.97396, 4.62212, 0.7534]
						},
						"0.6667": {
							"vector": [3.5235, 4.20445, 7.97057]
						},
						"0.7917": {
							"vector": [3.99693, 3.78139, 14.59895]
						},
						"1.0417": {
							"vector": [6.05714, -1.51881, 24.14083]
						}
					},
					"position": {
						"0.0": {
							"vector": [0, 0, 0.3]
						},
						"0.0833": {
							"vector": [0, 0.6, -0.3]
						},
						"0.125": {
							"vector": [-0.1, 0.5, -0.4]
						},
						"0.25": {
							"vector": [-0.1, -0.1, -0.5]
						},
						"0.4167": {
							"vector": [0.1, -0.1, -3.7]
						},
						"0.5417": {
							"vector": [-3, -1.8, -1.6]
						},
						"0.625": {
							"vector": [-1.2, -1.5, 0.1]
						},
						"0.7917": {
							"vector": [-0.8, -1.1, -0.4]
						},
						"1.0417": {
							"vector": [0, 0, 0.3]
						}
					}
				},
				"head": {
					"rotation": {
						"0.0": {
							"vector": [-12.67419, 9.8179, -1.53352]
						},
						"0.0833": {
							"vector": [-17.30961, 5.52705, 4.32899],
							"easing": "easeInBounce"
						},
						"0.125": {
							"vector": [-20.21257, 12.60581, 1.83729],
							"easing": "easeInBounce"
						},
						"0.25": {
							"vector": [0.19753, 3.05723, 4.42561],
							"easing": "easeInBounce"
						},
						"0.4167": {
							"vector": [8.4049, -1.60935, 10.86826],
							"easing": "easeInBounce"
						},
						"0.5417": {
							"vector": [6.04015, -14.94584, -10.1397],
							"easing": "easeInBounce"
						},
						"0.625": {
							"vector": [-13.47926, 1.13295, -13.32259],
							"easing": "easeInBounce"
						},
						"0.7917": {
							"vector": [-0.08523, -13.78624, -11.69727],
							"easing": "easeInBounce"
						},
						"1.0417": {
							"vector": [-4.99762, 2.49762, 0.10912],
							"easing": "easeInBounce"
						}
					},
					"position": {
						"0.0": {
							"vector": [0, 0, 0.3]
						},
						"0.0833": {
							"vector": [0.4, 0, 1.6],
							"easing": "linear"
						},
						"0.125": {
							"vector": [0.4, 0, 1],
							"easing": "linear"
						},
						"0.25": {
							"vector": [0.4, -0.2, 0.3],
							"easing": "linear"
						},
						"0.4167": {
							"vector": [0.5, -0.2, -4.6],
							"easing": "linear"
						},
						"0.5417": {
							"vector": [-3.9, -0.2, -4.6],
							"easing": "linear"
						},
						"0.625": {
							"vector": [-2.1, -0.4, -3],
							"easing": "linear"
						},
						"0.7917": {
							"vector": [-1.7, -0.9, -3],
							"easing": "linear"
						},
						"1.0417": {
							"vector": [0, 0, 0.3],
							"easing": "linear"
						}
					}
				},
				"chelyst": {
					"rotation": {
						"0.0": {
							"vector": [7.5, 0, 0]
						},
						"0.125": {
							"vector": [11.25, 0, 0]
						},
						"0.2083": {
							"vector": [17.5, 0, 0]
						},
						"0.3333": {
							"vector": [18.71, 0, 0]
						},
						"0.5": {
							"vector": [-0.04, 0, 0]
						},
						"0.6667": {
							"vector": [12.13, 0, 0]
						},
						"0.8333": {
							"vector": [-3.19, 0, 0]
						},
						"1.0": {
							"vector": [12.46, 0, 0]
						},
						"1.0417": {
							"vector": [16.45, 0, 0]
						}
					}
				},
				"serdce": {
					"scale": {
						"0.0": {
							"vector": [0.7, 1, 0.9]
						},
						"0.0417": {
							"vector": [0.7, 1, 0.9]
						},
						"0.0833": {
							"vector": [0.7, 1, 0.9]
						},
						"0.25": {
							"vector": [0.7, 1, 0.9]
						},
						"0.2917": {
							"vector": [0.9, 1.1, 1]
						},
						"0.4167": {
							"vector": [0.9, 1.1, 1]
						},
						"0.5417": {
							"vector": [0.7, 1, 0.9]
						},
						"0.7917": {
							"vector": [0.9, 1.1, 1]
						},
						"0.8333": {
							"vector": [0.9, 1.1, 1]
						},
						"0.9583": {
							"vector": [0.7, 1, 0.9]
						},
						"1.0417": {
							"vector": [0.7, 1, 0.9]
						}
					}
				}
			}
		},
		"sprint": {
			"loop": true,
			"animation_length": 0.70833,
			"bones": {
				"telo": {
					"rotation": {
						"0.0": {
							"vector": [-6.61215, -8.87358, 1.29804]
						},
						"0.0833": {
							"vector": [-9.8667, -20.08704, 8.61688],
							"easing": "easeInBounce"
						},
						"0.1667": {
							"vector": [-9.8019, -14.00471, 8.57468],
							"easing": "easeInBounce"
						},
						"0.25": {
							"vector": [-9.27722, -7.02078, 4.80907],
							"easing": "easeInBounce"
						},
						"0.2917": {
							"vector": [5.71739, 0.47863, 4.90341],
							"easing": "easeInBounce"
						},
						"0.375": {
							"vector": [1.67744, 26.45218, -13.76572]
						},
						"0.4167": {
							"vector": [1.79973, 38.09416, -7.80411]
						},
						"0.5": {
							"vector": [2.95523, 13.87211, -2.37984]
						},
						"0.5833": {
							"vector": [2.8695, -1.10874, -3.14453]
						},
						"0.6667": {
							"vector": [-6.61215, -8.87358, 1.29804],
							"easing": "easeInBounce"
						}
					},
					"position": {
						"0.0": {
							"vector": [0, 0, 0.9]
						},
						"0.0833": {
							"vector": [0, 0, 0.8],
							"easing": "easeInBounce"
						},
						"0.1667": {
							"vector": [0, 0, 0],
							"easing": "easeInBounce"
						},
						"0.25": {
							"vector": [0, -0.5, -0.5],
							"easing": "easeInBounce"
						},
						"0.2917": {
							"vector": [0, -0.5, -3.6],
							"easing": "easeInBounce"
						},
						"0.375": {
							"vector": [-2.5, -0.5, -3.8]
						},
						"0.4167": {
							"vector": [-1.3, -0.8, -2.6]
						},
						"0.5": {
							"vector": [-0.8, -0.8, -1.1]
						},
						"0.5833": {
							"vector": [-0.8, -0.8, 0.2]
						},
						"0.6667": {
							"vector": [0, 0, 0.9],
							"easing": "easeInBounce"
						}
					}
				},
				"LevNoga": {
					"rotation": {
						"0.0": {
							"vector": [12.46308, -5.87876, -0.1118]
						},
						"0.0833": {
							"vector": [17.40168, -3.49355, 0.63961],
							"easing": "easeInBounce"
						},
						"0.1667": {
							"vector": [22.40168, -3.49355, 0.63961],
							"easing": "easeInBounce"
						},
						"0.25": {
							"vector": [27.40168, -3.49355, 0.63961],
							"easing": "easeInBounce"
						},
						"0.2917": {
							"vector": [30.40168, -3.49355, 0.63961],
							"easing": "easeInBounce"
						},
						"0.375": {
							"vector": [5.24603, -4.75592, 2.80314]
						},
						"0.4167": {
							"vector": [-2.80579, -5.68247, -2.1797]
						},
						"0.5": {
							"vector": [-4.30579, -5.68247, -2.1797],
							"easing": "easeInBounce"
						},
						"0.5833": {
							"vector": [1.69421, -5.68247, -2.1797],
							"easing": "easeInBounce"
						},
						"0.6667": {
							"vector": [12.46308, -5.87876, -0.1118],
							"easing": "easeInBounce"
						}
					},
					"position": {
						"0.0": {
							"vector": [0, -0.3, 1.2]
						},
						"0.0833": {
							"vector": [0, -0.3, 0.9],
							"easing": "easeInBounce"
						},
						"0.1667": {
							"vector": [-0.4, -0.3, 0.8],
							"easing": "easeInBounce"
						},
						"0.25": {
							"vector": [0, -0.3, -0.7],
							"easing": "easeInBounce"
						},
						"0.2917": {
							"vector": [0, 0, -3.7],
							"easing": "easeInBounce"
						},
						"0.375": {
							"vector": [-0.1, 0.6, -5.4]
						},
						"0.4167": {
							"vector": [-0.1, -0.3, -3.9]
						},
						"0.5": {
							"vector": [-0.1, -0.3, -1.2],
							"easing": "easeInBounce"
						},
						"0.5833": {
							"vector": [-0.1, -0.3, 0.8],
							"easing": "easeInBounce"
						},
						"0.6667": {
							"vector": [0, -0.3, 1.2],
							"easing": "easeInBounce"
						}
					}
				},
				"PravNoga": {
					"rotation": {
						"0.0": {
							"vector": [1.96523, 6.50358, -0.21037]
						},
						"0.0833": {
							"vector": [11.96523, 6.50358, -0.21037],
							"easing": "easeInBounce"
						},
						"0.1667": {
							"vector": [-20.53477, 6.50358, -0.21037],
							"easing": "easeInBounce"
						},
						"0.25": {
							"vector": [-10.53477, 6.50358, -0.21037],
							"easing": "easeInBounce"
						},
						"0.2917": {
							"vector": [-3.03477, 6.50358, -0.21037],
							"easing": "easeInBounce"
						},
						"0.375": {
							"vector": [0.07922, 6.5032, 0.79611]
						},
						"0.4167": {
							"vector": [8.04852, 0.30337, 2.04292]
						},
						"0.5": {
							"vector": [17.04852, 0.30337, 2.04292],
							"easing": "easeInBounce"
						},
						"0.5833": {
							"vector": [21.04852, 0.30337, 2.04292],
							"easing": "easeInBounce"
						},
						"0.6667": {
							"vector": [1.96523, 6.50358, -0.21037],
							"easing": "easeInBounce"
						}
					},
					"position": {
						"0.0": {
							"vector": [0, 0.8, -0.7]
						},
						"0.0833": {
							"vector": [-0.8, 0.6, -2.7],
							"easing": "easeInBounce"
						},
						"0.25": {
							"vector": [-0.8, -0.1, -2.7],
							"easing": "easeInBounce"
						},
						"0.375": {
							"vector": [-0.8, -0.1, -1.7]
						},
						"0.4167": {
							"vector": [-0.8, 0.5, 0.3]
						},
						"0.5": {
							"vector": [-0.8, -0.1, -0.6],
							"easing": "easeInBounce"
						},
						"0.5833": {
							"vector": [-0.8, 0, -0.5],
							"easing": "easeInBounce"
						},
						"0.6667": {
							"vector": [0, 0.8, -0.1],
							"easing": "easeInBounce"
						}
					}
				},
				"LevRuka": {
					"rotation": {
						"0.0": {
							"vector": [2.86314, 0.1733, -9.42621]
						},
						"0.0833": {
							"vector": [-17.73798, 2.16439, -18.73503],
							"easing": "easeInBounce"
						},
						"0.1667": {
							"vector": [-9.69703, -8.86627, -20.49289],
							"easing": "easeInBounce"
						},
						"0.25": {
							"vector": [-13.68496, -6.10101, -12.92065],
							"easing": "easeInBounce"
						},
						"0.2917": {
							"vector": [11.79566, -5.09881, -17.84275],
							"easing": "easeInBounce"
						},
						"0.375": {
							"vector": [4.50288, -4.58326, -20.29778]
						},
						"0.4167": {
							"vector": [-13.33843, 25.60374, -30.07036]
						},
						"0.5": {
							"vector": [-15.59542, 24.35364, -35.41164]
						},
						"0.5833": {
							"vector": [-15.57838, 32.59519, -35.66859]
						},
						"0.6667": {
							"vector": [2.86314, 0.1733, -9.42621],
							"easing": "easeInBounce"
						}
					},
					"position": {
						"0.0": {
							"vector": [0, 0, 1.8]
						},
						"0.0833": {
							"vector": [0.6, -0.7, 2.6],
							"easing": "easeInBounce"
						},
						"0.1667": {
							"vector": [0.4, -0.9, 1.9],
							"easing": "easeInBounce"
						},
						"0.25": {
							"vector": [0.4, -0.9, 0.4],
							"easing": "easeInBounce"
						},
						"0.2917": {
							"vector": [0.4, -0.9, -3.8],
							"easing": "easeInBounce"
						},
						"0.375": {
							"vector": [-3.4, 0.3, -6.1]
						},
						"0.4167": {
							"vector": [-2.7, -0.6, -5.2]
						},
						"0.5": {
							"vector": [-0.6, -0.6, -2.1]
						},
						"0.5833": {
							"vector": [-0.5, -0.6, 0.5]
						},
						"0.6667": {
							"vector": [0, 0, 1.8],
							"easing": "easeInBounce"
						}
					}
				},
				"PravRuka": {
					"rotation": {
						"0.0": {
							"vector": [6.1964, -0.77079, 17.17947]
						},
						"0.0833": {
							"vector": [-4.03018, -1.83317, 27.1256],
							"easing": "easeInBounce"
						},
						"0.1667": {
							"vector": [-4.16521, 5.43381, 30.60979],
							"easing": "easeInBounce"
						},
						"0.25": {
							"vector": [-3.57032, 3.98054, 13.61381],
							"easing": "easeInBounce"
						},
						"0.2917": {
							"vector": [8.85959, 4.13516, 12.62336],
							"easing": "easeInBounce"
						},
						"0.375": {
							"vector": [3.50657, 4.24, 7.5968],
							"easing": "easeInBounce"
						},
						"0.5": {
							"vector": [3.65239, 4.11512, 9.59822],
							"easing": "easeInBounce"
						},
						"0.6667": {
							"vector": [6.1964, -0.77079, 17.17947],
							"easing": "easeInBounce"
						}
					},
					"position": {
						"0.0": {
							"vector": [0, 0, 0.3]
						},
						"0.0833": {
							"vector": [0, 0.6, -0.3],
							"easing": "easeInBounce"
						},
						"0.1667": {
							"vector": [-0.1, 0.5, -0.4],
							"easing": "easeInBounce"
						},
						"0.25": {
							"vector": [-0.1, -0.1, -0.5],
							"easing": "easeInBounce"
						},
						"0.2917": {
							"vector": [0.1, -0.1, -3.7],
							"easing": "easeInBounce"
						},
						"0.375": {
							"vector": [-3, -1.8, -1.6],
							"easing": "easeInBounce"
						},
						"0.4167": {
							"vector": [-1.2, -1.5, 0.1],
							"easing": "easeInBounce"
						},
						"0.5": {
							"vector": [-0.8, -1.1, -0.4],
							"easing": "easeInBounce"
						},
						"0.5833": {
							"vector": [-1.2, -1.1, -0.1],
							"easing": "easeInBounce"
						},
						"0.6667": {
							"vector": [0, 0, 0.3],
							"easing": "easeInBounce"
						}
					}
				},
				"head": {
					"rotation": {
						"0.0": {
							"vector": [-12.49762, 2.49762, 0.10912]
						},
						"0.0833": {
							"vector": [-17.25332, 3.13988, 5.07373],
							"easing": "easeInBounce"
						},
						"0.1667": {
							"vector": [-19.80182, 5.55721, 4.43427],
							"easing": "easeInBounce"
						},
						"0.2083": {
							"vector": [0.19818, 5.55721, 4.43427],
							"easing": "easeInBounce"
						},
						"0.2917": {
							"vector": [8.44526, 5.80994, 11.9671],
							"easing": "easeInBounce"
						},
						"0.3333": {
							"vector": [5.97517, 12.40882, -7.28806],
							"easing": "easeInBounce"
						},
						"0.375": {
							"vector": [-14.00988, 15.70826, -16.91564],
							"easing": "easeInBounce"
						},
						"0.5": {
							"vector": [-0.08621, 16.21373, -11.74165],
							"easing": "easeInBounce"
						},
						"0.5833": {
							"vector": [-1.03914, 11.60314, -6.22273],
							"easing": "easeInBounce"
						},
						"0.6667": {
							"vector": [-4.99762, 2.49762, 0.10912],
							"easing": "easeInBounce"
						}
					},
					"position": {
						"0.0": {
							"vector": [0, 0, 0.3]
						},
						"0.0833": {
							"vector": [0.4, 0, 1.6],
							"easing": "easeInBounce"
						},
						"0.1667": {
							"vector": [0.4, 0, 1],
							"easing": "easeInBounce"
						},
						"0.25": {
							"vector": [0.4, -0.2, 0.3],
							"easing": "easeInBounce"
						},
						"0.2917": {
							"vector": [0.5, -0.2, -4.6],
							"easing": "easeInBounce"
						},
						"0.3333": {
							"vector": [-3.9, -0.2, -4.6],
							"easing": "linear"
						},
						"0.375": {
							"vector": [-2.1, -0.4, -3],
							"easing": "linear"
						},
						"0.5": {
							"vector": [-1.7, -0.9, -3],
							"easing": "easeInBounce"
						},
						"0.5833": {
							"vector": [-1.7, -0.9, -0.1],
							"easing": "linear"
						},
						"0.6667": {
							"vector": [0, 0, 0.3],
							"easing": "linear"
						}
					}
				},
				"chelyst": {
					"rotation": {
						"0.0": {
							"vector": [7.5, 0, 0]
						},
						"0.0833": {
							"vector": [11.25, 0, 0],
							"easing": "easeInBounce"
						},
						"0.1667": {
							"vector": [17.5, 0, 0],
							"easing": "easeInBounce"
						},
						"0.25": {
							"vector": [18.71, 0, 0],
							"easing": "easeInBounce"
						},
						"0.2917": {
							"vector": [-0.04, 0, 0],
							"easing": "easeInBounce"
						},
						"0.3333": {
							"vector": [12.13, 0, 0],
							"easing": "easeInBounce"
						},
						"0.4167": {
							"vector": [-3.19, 0, 0],
							"easing": "easeInBounce"
						},
						"0.4583": {
							"vector": [16.45, 0, 0],
							"easing": "easeInBounce"
						},
						"0.5417": {
							"vector": [12.46, 0, 0],
							"easing": "easeInBounce"
						},
						"0.5833": {
							"vector": [7.98, 0, 0],
							"easing": "easeInBounce"
						},
						"0.6667": {
							"vector": [7.5, 0, 0],
							"easing": "easeInBounce"
						}
					}
				},
				"serdce": {
					"scale": {
						"0.0": {
							"vector": [0.7, 1, 0.9]
						},
						"0.0417": {
							"vector": [0.9, 1.1, 1]
						},
						"0.0833": {
							"vector": [0.7, 1, 0.9]
						},
						"0.125": {
							"vector": [0.9, 1.1, 1]
						},
						"0.1667": {
							"vector": [0.7, 1, 0.9]
						},
						"0.2083": {
							"vector": [0.9, 1.1, 1]
						},
						"0.25": {
							"vector": [0.7, 1, 0.9]
						},
						"0.2917": {
							"vector": [0.9, 1.1, 1]
						},
						"0.3333": {
							"vector": [0.7, 1, 0.9]
						},
						"0.375": {
							"vector": [0.9, 1.1, 1]
						},
						"0.4167": {
							"vector": [0.7, 1, 0.9]
						},
						"0.4583": {
							"vector": [0.9, 1.1, 1]
						},
						"0.5": {
							"vector": [0.7, 1, 0.9]
						},
						"0.5417": {
							"vector": [0.9, 1.1, 1]
						},
						"0.5833": {
							"vector": [0.7, 1, 0.9]
						},
						"0.625": {
							"vector": [0.9, 1.1, 1],
							"easing": "easeInBounce"
						}
					}
				}
			}
		},
		"attack": {
			"animation_length": 0.33333,
			"bones": {
				"telo": {
					"rotation": {
						"0.0": {
							"vector": [-17, 0, 0]
						},
						"0.0833": {
							"vector": [3, 0, 0]
						},
						"0.125": {
							"vector": [10.5, 0, 0]
						},
						"0.1667": {
							"vector": [18, 0, 0]
						},
						"0.25": {
							"vector": [-2, 0, 0]
						},
						"0.2917": {
							"vector": [0, 0, 0]
						}
					},
					"position": {
						"0.0": {
							"vector": [0, 0, 1.8]
						},
						"0.0417": {
							"vector": [0, 0, 2.5]
						},
						"0.0833": {
							"vector": [0, 0, -0.6]
						},
						"0.125": {
							"vector": [0, 0, -1.5]
						},
						"0.1667": {
							"vector": [0, -0.2, -3.5]
						},
						"0.25": {
							"vector": [0, -0.2, 0]
						},
						"0.2917": {
							"vector": [0, 0, 0]
						}
					}
				},
				"LevRuka": {
					"rotation": {
						"0.0": {
							"vector": [-52.5, 0, 0]
						},
						"0.0417": {
							"vector": [-59.78638, -6.49053, -3.76613]
						},
						"0.0833": {
							"vector": [-89.78638, -6.49053, -3.76613]
						},
						"0.125": {
							"vector": [-89.78511, -8.99051, -3.77557]
						},
						"0.1667": {
							"vector": [-66.06536, -16.32487, -7.05261]
						},
						"0.25": {
							"vector": [12.85118, -18.46744, -11.78731]
						},
						"0.2917": {
							"vector": [0, 0, -2.5]
						}
					},
					"position": {
						"0.0": {
							"vector": [0, 0, 2.1]
						},
						"0.0417": {
							"vector": [0, 0, 3.2]
						},
						"0.0833": {
							"vector": [0, 0, -1.2]
						},
						"0.125": {
							"vector": [0, -0.1, -2.5]
						},
						"0.1667": {
							"vector": [0, -0.8, -4.3]
						},
						"0.2917": {
							"vector": [0, 0, 0]
						}
					}
				},
				"PravRuka": {
					"rotation": {
						"0.0": {
							"vector": [-47.5, 0, 0]
						},
						"0.0417": {
							"vector": [-57.27652, 6.3202, 4.04618]
						},
						"0.0833": {
							"vector": [-102.27652, 6.3202, 4.04618]
						},
						"0.125": {
							"vector": [-102.3471, 8.76272, 3.50849]
						},
						"0.1667": {
							"vector": [-60.91526, 19.33113, 9.37782]
						},
						"0.25": {
							"vector": [-13.41526, 19.33113, 9.37782]
						},
						"0.2917": {
							"vector": [3.81565, -6.81793, 2.99999]
						}
					},
					"position": {
						"0.0": {
							"vector": [0, 0, 2.2]
						},
						"0.0417": {
							"vector": [0, 0, 3.2]
						},
						"0.0833": {
							"vector": [0, 0, -0.9]
						},
						"0.125": {
							"vector": [0, -0.2, -2.3]
						},
						"0.1667": {
							"vector": [0, -0.8, -4.7]
						},
						"0.2917": {
							"vector": [0, 0, 0]
						}
					}
				},
				"head": {
					"rotation": {
						"0.0": {
							"vector": [-39.82648, 2.86313, 6.93488]
						},
						"0.0417": {
							"vector": [-68.6449, 0.32168, 13.46029]
						},
						"0.0833": {
							"vector": [-28.6449, 0.32168, 13.46029]
						},
						"0.125": {
							"vector": [9.14581, 1.89841, 28.38048]
						},
						"0.1667": {
							"vector": [20.23862, 5.2441, 6.08356]
						},
						"0.2917": {
							"vector": [0, 0, -2.5]
						}
					},
					"position": {
						"0.0": {
							"vector": [0, 0, 0.46]
						},
						"0.0417": {
							"vector": [0, 1.2, 3.04]
						},
						"0.0833": {
							"vector": [0, 1.8, -1.9]
						},
						"0.125": {
							"vector": [0, 1.8, -3.2]
						},
						"0.1667": {
							"vector": [0, 0.8, -5.2]
						},
						"0.2917": {
							"vector": [0, 0, 0]
						}
					},
					"scale": {
						"0.0417": {
							"vector": [1, 1, 1]
						},
						"0.0833": {
							"vector": [1.2, 1.2, 1.2]
						},
						"0.125": {
							"vector": [1, 1, 1]
						}
					}
				},
				"chelyst": {
					"rotation": {
						"0.0": {
							"vector": [67.5, 0, 0]
						},
						"0.0417": {
							"vector": [70, 0, 0]
						},
						"0.0833": {
							"vector": [77.5, 0, 0]
						},
						"0.125": {
							"vector": [0, 0, 0]
						},
						"0.2917": {
							"vector": [0, 0, 0]
						}
					},
					"position": {
						"vector": [0, 0, 0]
					}
				}
			}
		}
	},
	"geckolib_format_version": 2
}