{
  "_fv": 24,
  "_type": "fluid",
  "definition": {
    "name": "Ash water",
    "bucketName": "Ashwater Bucket",
    "textureStill": "ashwaterstill",
    "textureFlowing": "ashwaterflow",
    "tintType": "No tint",
    "canMultiply": false,
    "flowRate": 3,
    "levelDecrease": 1,
    "slopeFindDistance": 4,
    "spawnParticles": false,
    "dripParticle": {
      "value": "EXPLOSION_NORMAL"
    },
    "flowStrength": 1.1,
    "luminosity": 0,
    "density": 1000,
    "viscosity": 1000,
    "isGas": false,
    "temperature": 300,
    "type": "WATER",
    "generateBucket": true,
    "textureBucket": "",
    "creativeTab": {
      "value": "MISC"
    },
    "emptySound": {
      "value": ""
    },
    "rarity": "COMMON",
    "specialInfo": [],
    "resistance": 100.0,
    "luminance": 0,
    "lightOpacity": 0,
    "emissiveRendering": false,
    "tickRate": 10,
    "flammability": 0,
    "fireSpreadSpeed": 0,
    "colorOnMap": "DEFAULT",
    "frequencyOnChunks": 5,
    "spawnWorldTypes": [
      "Surface"
    ],
    "restrictionBiomes": []
  }
}