{
  "_fv": 24,
  "_type": "structure",
  "definition": {
    "structure": "scorchedwoodstr12",
    "randomlyRotateStructure": true,
    "surfaceDetectionType": "First motion blocking block",
    "spawnProbability": 29000,
    "minCountPerChunk": 1,
    "maxCountPerChunk": 1,
    "spawnLocation": "Ground",
    "spawnHeightOffset": 0,
    "spawnXOffset": 0,
    "spawnZOffset": 0,
    "spawnWorldTypes": [
      "CUSTOM:ScorchedDimension"
    ],
    "restrictionBlocks": [],
    "restrictionBiomes": [],
    "ignoreBlocks": "AIR"
  }
}