{
  "_fv": 24,
  "_type": "rangeditem",
  "definition": {
    "renderType": 0,
    "texture": "throwingtorch",
    "customModelName": "Normal",
    "name": "Throwing Torch",
    "specialInfo": [],
    "creativeTab": {
      "value": "CUSTOM:ScorchedBiome"
    },
    "stackSize": 64,
    "ammoItem": {
      "value": "CUSTOM:ThrowingTorch"
    },
    "shootConstantly": false,
    "usageCount": 0,
    "actionSound": {
      "value": "entity.arrow.shoot"
    },
    "hasGlow": false,
    "animation": "bow",
    "enableMeleeDamage": false,
    "damageVsEntity": 2.0,
    "bulletPower": 1.0,
    "bulletDamage": 2.0,
    "bulletKnockback": 5,
    "bulletParticles": false,
    "bulletIgnitesFire": true,
    "bulletItemTexture": {
      "value": "CUSTOM:ThrowingTorch"
    },
    "bulletModel": "Default",
    "customBulletModelTexture": "",
    "onBulletHitsBlock": {
      "name": "ThrowingTorchKoghdaSnariadPriziemliaietsiaNaBlok"
    },
    "onBulletHitsEntity": {
      "name": "ThrowingTorchKoghdaSnariadPopadaietVSushchnost"
    }
  }
}