{
  "_fv": 34,
  "_type": "block",
  "definition": {
    "texture": "ashcoal",
    "textureTop": "ashcoal",
    "textureLeft": "ashcoal",
    "textureFront": "ashcoal",
    "textureRight": "ashcoal",
    "textureBack": "ashcoal",
    "renderType": 10,
    "customModelName": "Normal",
    "rotationMode": 0,
    "enablePitch": false,
    "emissiveRendering": false,
    "displayFluidOverlay": false,
    "itemTexture": "",
    "particleTexture": "",
    "tintType": "No tint",
    "isItemTinted": false,
    "hasTransparency": false,
    "connectedSides": false,
    "transparencyType": "SOLID",
    "disableOffset": false,
    "boundingBoxes": [
      {
        "mx": 0.0,
        "my": 0.0,
        "mz": 0.0,
        "Mx": 16.0,
        "My": 16.0,
        "Mz": 16.0,
        "subtract": false
      }
    ],
    "name": "Ash Coal",
    "specialInfo": [],
    "hardness": 0.75,
    "resistance": 0.6,
    "hasGravity": false,
    "isWaterloggable": false,
    "creativeTab": {
      "value": "CUSTOM:ScorchedBiome"
    },
    "destroyTool": "Not specified",
    "customDrop": {
      "value": "Items.COAL#1"
    },
    "dropAmount": 1,
    "useLootTableForDrops": false,
    "requiresCorrectTool": false,
    "enchantPowerBonus": 0.0,
    "plantsGrowOn": false,
    "canRedstoneConnect": false,
    "lightOpacity": 15,
    "material": {
      "value": "EARTH"
    },
    "tickRate": 10,
    "tickRandomly": false,
    "isReplaceable": false,
    "canProvidePower": false,
    "emittedRedstonePower": {
      "fixedValue": 15.0
    },
    "colorOnMap": "DEFAULT",
    "creativePickItem": {
      "value": ""
    },
    "offsetType": "NONE",
    "aiPathNodeType": "DEFAULT",
    "flammability": 0,
    "fireSpreadSpeed": 0,
    "isLadder": false,
    "slipperiness": 0.6,
    "speedFactor": 1.0,
    "jumpFactor": 1.0,
    "reactionToPushing": "NORMAL",
    "isNotColidable": false,
    "isCustomSoundType": false,
    "soundOnStep": {
      "value": "GROUND"
    },
    "breakSound": {
      "value": ""
    },
    "fallSound": {
      "value": ""
    },
    "hitSound": {
      "value": ""
    },
    "placeSound": {
      "value": ""
    },
    "stepSound": {
      "value": ""
    },
    "luminance": 8,
    "unbreakable": false,
    "breakHarvestLevel": -1,
    "spawnParticles": true,
    "particleToSpawn": {
      "value": "SMOKE_NORMAL"
    },
    "particleSpawningShape": "Top",
    "particleSpawningRadious": 1.0,
    "particleAmount": 1,
    "hasInventory": false,
    "guiBoundTo": "<NONE>",
    "openGUIOnRightClick": false,
    "inventorySize": 9,
    "inventoryStackSize": 64,
    "inventoryDropWhenDestroyed": true,
    "inventoryComparatorPower": true,
    "inventoryOutSlotIDs": [],
    "inventoryInSlotIDs": [],
    "hasEnergyStorage": false,
    "energyInitial": 0,
    "energyCapacity": 400000,
    "energyMaxReceive": 200,
    "energyMaxExtract": 200,
    "isFluidTank": false,
    "fluidCapacity": 8000,
    "fluidRestrictions": [],
    "spawnWorldTypes": [
      "CUSTOM:ScorchedDimension"
    ],
    "restrictionBiomes": [],
    "blocksToReplace": [
      {
        "value": "CUSTOM:Ashgrass"
      },
      {
        "value": "CUSTOM:Scorchedearth"
      }
    ],
    "generationShape": "UNIFORM",
    "frequencyPerChunks": 6,
    "frequencyOnChunk": 10,
    "minGenerateHeight": 0,
    "maxGenerateHeight": 256
  }
}