{
  "_fv": 34,
  "_type": "biome",
  "definition": {
    "name": "Scorched biome",
    "groundBlock": {
      "value": "CUSTOM:Ashgrass"
    },
    "undergroundBlock": {
      "value": "CUSTOM:Scorchedearth"
    },
    "underwaterBlock": {
      "value": ""
    },
    "airColor": {
      "value": -15395563,
      "falpha": 0.0
    },
    "grassColor": {
      "value": -13088986,
      "falpha": 0.0
    },
    "foliageColor": {
      "value": -13682652,
      "falpha": 0.0
    },
    "waterColor": {
      "value": -14211289,
      "falpha": 0.0
    },
    "waterFogColor": {
      "value": -13224394,
      "falpha": 0.0
    },
    "ambientSound": {
      "value": ""
    },
    "additionsSound": {
      "value": ""
    },
    "music": {
      "value": "CUSTOM:ashambient"
    },
    "moodSound": {
      "value": ""
    },
    "moodSoundDelay": 6000,
    "spawnParticles": true,
    "particleToSpawn": {
      "value": "SMOKE_NORMAL"
    },
    "particlesProbability": 2.0,
    "rainingPossibility": 0.0,
    "temperature": 2.0,
    "baseHeight": 0.6,
    "heightVariation": 0.2,
    "spawnBiome": false,
    "spawnBiomeNether": false,
    "spawnInCaves": false,
    "biomeWeight": 16,
    "grassPerChunk": 0,
    "seagrassPerChunk": 0,
    "flowersPerChunk": 0,
    "mushroomsPerChunk": 0,
    "bigMushroomsChunk": 0,
    "sandPatchesPerChunk": 0,
    "gravelPatchesPerChunk": 0,
    "reedsPerChunk": 0,
    "cactiPerChunk": 0,
    "treesPerChunk": 0,
    "vanillaTreeType": "Birch trees",
    "treeType": 0,
    "minHeight": 7,
    "treeStem": {
      "value": ""
    },
    "treeBranch": {
      "value": ""
    },
    "treeVines": {
      "value": ""
    },
    "treeFruits": {
      "value": ""
    },
    "spawnStronghold": false,
    "spawnMineshaft": false,
    "spawnMineshaftMesa": false,
    "spawnPillagerOutpost": false,
    "villageType": "none",
    "spawnWoodlandMansion": false,
    "spawnJungleTemple": false,
    "spawnDesertPyramid": false,
    "spawnSwampHut": false,
    "spawnIgloo": false,
    "spawnOceanMonument": false,
    "spawnShipwreck": false,
    "spawnShipwreckBeached": false,
    "spawnBuriedTreasure": false,
    "oceanRuinType": "NONE",
    "spawnNetherBridge": false,
    "spawnNetherFossil": false,
    "spawnBastionRemnant": false,
    "spawnEndCity": false,
    "spawnRuinedPortal": "NONE",
    "defaultFeatures": [
      "Caves",
      "Ores"
    ],
    "spawnEntries": [
      {
        "entity": {
          "value": "CUSTOM:Ghost"
        },
        "minGroup": 1,
        "maxGroup": 1,
        "weight": 15,
        "spawnType": "monster"
      }
    ]
  }
}