{
  "_fv": 34,
  "_type": "dimension",
  "definition": {
    "biomesInDimension": [
      {
        "value": "CUSTOM:BiomeScorched"
      },
      {
        "value": "CUSTOM:RockyHills"
      }
    ],
    "worldGenType": "Normal world gen",
    "mainFillerBlock": {
      "value": "CUSTOM:AshRock"
    },
    "fluidBlock": {
      "value": "CUSTOM:Ashwater"
    },
    "canRespawnHere": false,
    "hasFog": true,
    "isDark": true,
    "doesWaterVaporize": false,
    "sleepResult": "ALLOW",
    "hasSkyLight": false,
    "imitateOverworldBehaviour": false,
    "portalFrame": {
      "value": "CUSTOM:Scorchedearth"
    },
    "portalParticles": {
      "value": "EXPLOSION_NORMAL"
    },
    "portalLuminance": 0,
    "portalSound": {
      "value": ""
    },
    "igniterName": "Scorched Dimension Portal Igniter",
    "igniterTab": {
      "value": "CUSTOM:ScorchedBiome"
    },
    "texture": "at",
    "portalTexture": "stn",
    "enablePortal": true
  }
}