{
	"format_version": "1.8.0",
	"animations": {
		"idle": {
			"loop": true,
			"animation_length": 3.79167,
			"bones": {
				"head": {
					"rotation": {
						"0.0": {
							"vector": [4.72794, -7.18605, 1.89695]
						},
						"0.0417": {
							"vector": [5.16419, -9.2706, -0.82608],
							"easing": "easeInElastic"
						},
						"0.5833": {
							"vector": [7.50452, -1.98288, -0.26116],
							"easing": "easeInElastic"
						},
						"0.6667": {
							"vector": [7.50113, -0.99144, -0.13054],
							"easing": "easeInElastic"
						},
						"0.9167": {
							"vector": [9.49839, -1.50006, -0.10953],
							"easing": "easeInOutBounce",
							"easingArgs": [0.2]
						},
						"1.2083": {
							"vector": [10.54022, 17.42894, 7.86259],
							"easing": "easeOutBounce",
							"easingArgs": [0.2]
						},
						"1.5": {
							"vector": [10.16868, 10.88869, 4.56964],
							"easing": "easeInElastic"
						},
						"1.6667": {
							"vector": [9.6342, 6.46764, 3.77066],
							"easing": "easeInElastic"
						},
						"1.7917": {
							"vector": [5.33085, -11.94806, -1.07055]
						},
						"1.8333": {
							"vector": [5.60948, -11.52495, -3.5946],
							"easing": "linear"
						},
						"1.9583": {
							"vector": [6.31322, -5.33657, -2.02337]
						},
						"2.375": {
							"vector": [7.50452, -1.98288, -0.26116],
							"easing": "easeInElastic"
						},
						"2.4583": {
							"vector": [7.50113, -0.99144, -0.13054],
							"easing": "easeInElastic"
						},
						"2.7083": {
							"vector": [9.49646, 0.96568, 0.30295],
							"easing": "easeInQuad"
						},
						"3.0": {
							"vector": [13.50772, -23.00186, -12.49933],
							"easing": "easeOutBounce",
							"easingArgs": [0.2]
						},
						"3.2917": {
							"vector": [10.5035, -7.5436, -6.22371],
							"easing": "easeInOutBounce",
							"easingArgs": [0.2]
						},
						"3.4583": {
							"vector": [9.62744, -2.56388, -2.82547],
							"easing": "easeInOutQuad"
						},
						"3.75": {
							"vector": [4.92669, -5.56573, 0.52006],
							"easing": "easeInQuart"
						}
					},
					"position": {
						"0.0": {
							"vector": [0, 0, -2.1]
						},
						"0.5833": {
							"vector": [0, 0, -3.7]
						},
						"0.6667": {
							"vector": [0, 0, -3.9],
							"easing": "easeInBounce"
						},
						"0.9167": {
							"vector": [0, 0, -3.6],
							"easing": "easeInQuad"
						},
						"1.2083": {
							"vector": [0, 0, -3.2],
							"easing": "easeOutQuad"
						},
						"1.5": {
							"vector": [0, 0, -2.7]
						},
						"1.6667": {
							"vector": [0, 0, -2.2]
						},
						"1.7917": {
							"vector": [0, 0, -2.1]
						},
						"2.375": {
							"vector": [0, 0, -3.7]
						},
						"2.4583": {
							"vector": [0, 0, -3.9],
							"easing": "easeInBounce"
						},
						"2.7083": {
							"vector": [0, 0, -3.6],
							"easing": "easeInQuad"
						},
						"3.0": {
							"vector": [0, 0, -3.2],
							"easing": "easeOutQuad"
						},
						"3.2917": {
							"vector": [0, 0, -2.7]
						},
						"3.4583": {
							"vector": [0, 0, -2.2]
						},
						"3.75": {
							"vector": [0, 0, -2.1]
						}
					}
				},
				"telo": {
					"rotation": {
						"0.0": {
							"vector": [7.46302, 2.60887, -0.66594]
						},
						"0.5833": {
							"vector": [10.05396, -5.90852, -1.0456],
							"easing": "easeInQuad"
						},
						"0.6667": {
							"vector": [11.07549, -6.88993, -1.23872],
							"easing": "easeOutQuad"
						},
						"0.9167": {
							"vector": [9.02095, -3.94551, -0.6613]
						},
						"1.2083": {
							"vector": [10.02095, -3.94551, -0.6613]
						},
						"1.5": {
							"vector": [9.04806, -5.9207, -0.97651]
						},
						"1.6667": {
							"vector": [5.02766, -2.93228, -0.71231]
						},
						"1.75": {
							"vector": [7.50706, 2.4786, 0.32652]
						},
						"1.7917": {
							"vector": [7.50706, 2.4786, 0.32652]
						},
						"2.375": {
							"vector": [10.05396, -5.90852, -1.0456]
						},
						"2.4583": {
							"vector": [11.07549, -6.88993, -1.23872]
						},
						"2.7083": {
							"vector": [9.02095, -3.94551, -0.6613]
						},
						"3.0": {
							"vector": [10.02095, -3.94551, -0.6613]
						},
						"3.2917": {
							"vector": [9.04806, -5.9207, -0.97651]
						},
						"3.4583": {
							"vector": [5.02766, -2.93228, -0.71231]
						},
						"3.75": {
							"vector": [6.18395, 2.03264, -1.80021],
							"easing": "easeOutQuart"
						}
					},
					"position": {
						"0.0": {
							"vector": [0, 0, -0.7]
						},
						"0.5833": {
							"vector": [0, 0, -2.8]
						},
						"0.6667": {
							"vector": [0, 0, -2.9]
						},
						"0.9167": {
							"vector": [0, 0, -2.2]
						},
						"1.2083": {
							"vector": [0, 0, -1.7]
						},
						"1.5": {
							"vector": [0, 0, -1.3]
						},
						"1.6667": {
							"vector": [0, 0, -0.9]
						},
						"1.75": {
							"vector": [0, 0, -0.7]
						},
						"1.7917": {
							"vector": [0, 0, -0.7]
						},
						"2.375": {
							"vector": [0, 0, -2.8]
						},
						"2.4583": {
							"vector": [0, 0, -2.9]
						},
						"2.7083": {
							"vector": [0, 0, -2.2]
						},
						"3.0": {
							"vector": [0, 0, -1.7]
						},
						"3.2917": {
							"vector": [0, 0, -1.3]
						},
						"3.4583": {
							"vector": [0, 0, -0.9],
							"easing": "linear"
						},
						"3.75": {
							"vector": [0, 0, -0.7],
							"easing": "linear"
						}
					}
				},
				"LevRuka": {
					"rotation": {
						"0.0": {
							"vector": [-5, 0, 0]
						},
						"0.5833": {
							"vector": [7.49762, 0.10901, -2.49762],
							"easing": "linear"
						},
						"0.6667": {
							"vector": [8.49762, 0.10901, -2.49762]
						},
						"0.9167": {
							"vector": [3.49762, 0.10901, -2.49762]
						},
						"1.2083": {
							"vector": [-5.50238, 0.10901, -2.49762],
							"easing": "easeInOutQuint"
						},
						"1.5": {
							"vector": [-4.50056, -0.17866, -5.4838],
							"easing": "easeInQuad"
						},
						"1.6667": {
							"vector": [-4.50405, -0.02165, -3.48997]
						},
						"1.75": {
							"vector": [-5, 0, 0]
						},
						"1.7917": {
							"vector": [-5, 0, 0]
						},
						"2.375": {
							"vector": [7.49762, 0.10901, -2.49762]
						},
						"2.4583": {
							"vector": [8.49762, 0.10901, -2.49762]
						},
						"2.7083": {
							"vector": [3.49762, 0.10901, -2.49762]
						},
						"3.0": {
							"vector": [-5.50238, 0.10901, -2.49762],
							"easing": "easeOutQuad"
						},
						"3.2917": {
							"vector": [-4.50056, -0.17866, -5.4838],
							"easing": "easeInQuad"
						},
						"3.4583": {
							"vector": [-4.50405, -0.02165, -3.48997]
						},
						"3.75": {
							"vector": [-4.9983, -0.13072, -1.49429],
							"easing": "easeInQuart"
						}
					},
					"position": {
						"0.0": {
							"vector": [0, 0, -1.5]
						},
						"0.5833": {
							"vector": [0, 0, -3.3]
						},
						"0.6667": {
							"vector": [0, -0.1, -3.4]
						},
						"1.2083": {
							"vector": [0, 0.2, -2.6],
							"easing": "easeInOutQuint"
						},
						"1.5": {
							"vector": [0, 0.2, -2],
							"easing": "easeInQuad"
						},
						"1.6667": {
							"vector": [0, 0.2, -1.5]
						},
						"1.75": {
							"vector": [0, 0, -1.5]
						},
						"1.7917": {
							"vector": [0, 0, -1.5]
						},
						"2.375": {
							"vector": [0, 0, -3.3]
						},
						"2.4583": {
							"vector": [0, -0.1, -3.4]
						},
						"3.0": {
							"vector": [0, 0.2, -2.6],
							"easing": "easeOutQuad"
						},
						"3.2917": {
							"vector": [0, 0.2, -2],
							"easing": "easeInQuad"
						},
						"3.4583": {
							"vector": [0, 0.2, -1.5]
						},
						"3.75": {
							"vector": [0, 0, -1.5]
						}
					}
				},
				"PravRuka": {
					"rotation": {
						"0.0": {
							"vector": [-5, 0, 0]
						},
						"0.5833": {
							"vector": [5, 0, 2.5]
						},
						"0.6667": {
							"vector": [6, 0, 2.5]
						},
						"0.9167": {
							"vector": [1, 0, 2.5]
						},
						"1.2083": {
							"vector": [-2, 0, 2.5]
						},
						"1.5": {
							"vector": [-3.99939, 0.06975, 3.49756]
						},
						"1.6667": {
							"vector": [-3.99757, -0.13948, 0.50487]
						},
						"1.75": {
							"vector": [-5, 0, 0]
						},
						"1.7917": {
							"vector": [-5, 0, 0]
						},
						"2.375": {
							"vector": [5, 0, 2.5]
						},
						"2.4583": {
							"vector": [6, 0, 2.5]
						},
						"2.7083": {
							"vector": [1, 0, 2.5]
						},
						"3.0": {
							"vector": [-2, 0, 2.5]
						},
						"3.2917": {
							"vector": [-3.99939, 0.06975, 3.49756]
						},
						"3.4583": {
							"vector": [-3.99757, -0.13948, 0.50487]
						},
						"3.75": {
							"vector": [-4.9983, 0.13072, 1.49429]
						}
					},
					"position": {
						"0.0": {
							"vector": [0, 0.1, -1.4]
						},
						"0.5833": {
							"vector": [0, 0.1, -4]
						},
						"0.6667": {
							"vector": [0, 0.1, -4.2]
						},
						"1.2083": {
							"vector": [0, 0.1, -3]
						},
						"1.5": {
							"vector": [0, 0.1, -2.7]
						},
						"1.6667": {
							"vector": [0, 0.1, -1.7]
						},
						"1.75": {
							"vector": [0, 0.1, -1.4]
						},
						"1.7917": {
							"vector": [0, 0.1, -1.4]
						},
						"2.375": {
							"vector": [0, 0.1, -4]
						},
						"2.4583": {
							"vector": [0, 0.1, -4.2]
						},
						"3.0": {
							"vector": [0, 0.1, -3]
						},
						"3.2917": {
							"vector": [0, 0.1, -2.7]
						},
						"3.4583": {
							"vector": [0, 0.1, -1.7]
						}
					}
				},
				"LevNoga": {
					"rotation": {
						"0.0": {
							"vector": [2.5, 0, 0]
						},
						"0.5833": {
							"vector": [7.50019, 0.08711, -0.49524],
							"easing": "linear"
						},
						"0.6667": {
							"vector": [8.50019, 0.08711, -0.49524]
						},
						"0.9167": {
							"vector": [9.00019, 0.08711, -0.49524],
							"easing": "linear"
						},
						"1.6667": {
							"vector": [3.00095, 0.06965, 0.0046]
						},
						"1.7917": {
							"vector": [2.5, 0, 0]
						},
						"2.375": {
							"vector": [7.50019, 0.08711, -0.49524],
							"easing": "linear"
						},
						"2.4583": {
							"vector": [8.50019, 0.08711, -0.49524]
						},
						"2.7083": {
							"vector": [9.00019, 0.08711, -0.49524]
						},
						"3.0": {
							"vector": [3.99928, 0.12199, -0.99403]
						},
						"3.2917": {
							"vector": [1.99928, 0.12199, -0.99403]
						},
						"3.4583": {
							"vector": [3.00095, 0.06965, 0.0046]
						},
						"3.75": {
							"vector": [2.5, 0, 0],
							"easing": "easeInQuart"
						}
					},
					"position": {
						"0.0": {
							"vector": [0, 0, 0]
						},
						"0.5833": {
							"vector": [0, 0, -1]
						},
						"0.9167": {
							"vector": [0, 0, -1.3],
							"easing": "easeInBounce",
							"easingArgs": [0.5]
						},
						"1.6667": {
							"vector": [0, 0.1, -0.3]
						},
						"1.75": {
							"vector": [0, 0, 0]
						},
						"1.7917": {
							"vector": [0, 0, 0]
						},
						"2.375": {
							"vector": [0, 0, -1]
						},
						"2.7083": {
							"vector": [0, 0, -1.3]
						},
						"3.0": {
							"vector": [0, 0.1, -0.3]
						},
						"3.2917": {
							"vector": [0, 0.1, 0.1]
						},
						"3.4583": {
							"vector": [0, 0.1, -0.3]
						},
						"3.75": {
							"vector": [0, 0, 0]
						}
					}
				},
				"PravNoga": {
					"rotation": {
						"0.0": {
							"vector": [-2.5, 0, 0]
						},
						"0.5833": {
							"vector": [7.5, 0, 0]
						},
						"0.6667": {
							"vector": [6.5, 0, 0],
							"easing": "easeInBounce"
						},
						"0.9167": {
							"vector": [4, 0, 0]
						},
						"1.75": {
							"vector": [-2.5, 0, 0]
						},
						"1.7917": {
							"vector": [-2.5, 0, 0]
						},
						"2.375": {
							"vector": [7.5, 0, 0]
						},
						"2.4583": {
							"vector": [6.5, 0, 0],
							"easing": "linear"
						},
						"2.7083": {
							"vector": [4, 0, 0]
						},
						"3.0": {
							"vector": [2, 0, 0]
						},
						"3.2917": {
							"vector": [0, 0, 0]
						},
						"3.75": {
							"vector": [-2.5, 0, 0],
							"easing": "easeInQuart"
						}
					},
					"position": {
						"0.0": {
							"vector": [0, 0, 0]
						},
						"0.5833": {
							"vector": [0, 0, -2]
						},
						"0.9167": {
							"vector": [0, 0, -1.3]
						},
						"1.75": {
							"vector": [0, 0, 0]
						},
						"1.7917": {
							"vector": [0, 0, 0]
						},
						"2.375": {
							"vector": [0, 0, -2]
						},
						"2.7083": {
							"vector": [0, 0, -1.3]
						},
						"3.0": {
							"vector": [0, 0, -0.8]
						},
						"3.2917": {
							"vector": [0, 0, -0.5]
						},
						"3.75": {
							"vector": [0, 0, 0]
						}
					}
				},
				"leaves": {
					"rotation": {
						"0.0": {
							"vector": [-5, 0, 0]
						},
						"0.5833": {
							"vector": [3, 0, 0]
						},
						"0.6667": {
							"vector": [-2.5, 0, 0]
						},
						"0.9167": {
							"vector": [-8, 0, 0]
						},
						"1.2083": {
							"vector": [-10.5, 0, 0]
						},
						"1.5": {
							"vector": [-5, 0, 0]
						},
						"1.6667": {
							"vector": [-7.5, 0, 0]
						},
						"1.75": {
							"vector": [-2.5, 0, 0]
						},
						"1.7917": {
							"vector": [-5, 0, 0]
						},
						"2.375": {
							"vector": [3, 0, 0]
						},
						"2.4583": {
							"vector": [-2.5, 0, 0]
						},
						"2.7083": {
							"vector": [-8, 0, 0]
						},
						"3.0": {
							"vector": [-10.5, 0, 0]
						},
						"3.2917": {
							"vector": [-5, 0, 0]
						},
						"3.4583": {
							"vector": [-7.5, 0, 0]
						},
						"3.5417": {
							"vector": [-2.5, 0, 0]
						}
					},
					"position": {
						"0.0": {
							"vector": [0, 0, -0.1]
						},
						"0.9167": {
							"vector": [0, 0, -0.2]
						},
						"1.7917": {
							"vector": [0, 0, -0.1]
						},
						"2.7083": {
							"vector": [0, 0, -0.2]
						}
					}
				}
			}
		},
		"walk": {
			"loop": true,
			"animation_length": 1.54167,
			"bones": {
				"head": {
					"rotation": {
						"0.0": {
							"vector": [12.53736, -6.97323, -0.61312]
						},
						"0.1667": {
							"vector": [15.11575, -9.41326, -1.16305],
							"easing": "easeInBounce"
						},
						"0.3333": {
							"vector": [8.55873, -7.45059, -0.77426],
							"easing": "easeInBounce"
						},
						"0.4583": {
							"vector": [13.5536, -2.00481, -2.03508],
							"easing": "easeInBounce"
						},
						"0.5417": {
							"vector": [16.53673, -5.44982, -0.97046],
							"easing": "easeInBounce"
						},
						"0.7083": {
							"vector": [16.64767, -0.08771, -1.45872],
							"easing": "easeInBounce"
						},
						"0.875": {
							"vector": [16.67395, 5.65521, -4.95966],
							"easing": "easeInBounce"
						},
						"1.0417": {
							"vector": [14.04294, 1.47194, -8.81829],
							"easing": "easeInBounce"
						},
						"1.125": {
							"vector": [17.08021, 4.38208, -8.08853],
							"easing": "easeInBounce"
						},
						"1.2917": {
							"vector": [16.33552, 0.33004, 0.01773],
							"easing": "easeInBounce"
						},
						"1.4583": {
							"vector": [18.3462, -2.06901, -0.68568],
							"easing": "easeInBounce"
						},
						"1.5417": {
							"vector": [12.53736, -6.97323, -0.61312]
						}
					},
					"position": {
						"0.0": {
							"vector": [0, 0, -2.1]
						},
						"0.1667": {
							"vector": [0, 0.2, -2.5]
						},
						"0.3333": {
							"vector": [0, 0.5, -1]
						},
						"0.4583": {
							"vector": [0.6, 0, -3]
						},
						"0.5417": {
							"vector": [0.6, -0.2, -3.6]
						},
						"0.7083": {
							"vector": [-0.5, 0.1, -3.6]
						},
						"0.875": {
							"vector": [-1, 0.1, -3.6]
						},
						"1.0417": {
							"vector": [-1.1, 0.1, -3.4]
						},
						"1.125": {
							"vector": [-1.1, -0.1, -5.4]
						},
						"1.2917": {
							"vector": [0.6, -0.1, -3.2]
						},
						"1.4583": {
							"vector": [0.6, -0.1, -4.5]
						},
						"1.5417": {
							"vector": [0, 0, -2]
						}
					}
				},
				"telo": {
					"rotation": {
						"0.0": {
							"vector": [7.2522, -11.78852, 1.50805]
						},
						"0.1667": {
							"vector": [7.41671, -2.73836, 1.6586]
						},
						"0.3333": {
							"vector": [-1.1614, -16.58003, 2.92126]
						},
						"0.4583": {
							"vector": [8.75975, -20.24988, 0.22822]
						},
						"0.5417": {
							"vector": [10.57096, -17.30168, 0.81457]
						},
						"0.7083": {
							"vector": [10.99865, -6.17661, -4.27408]
						},
						"0.875": {
							"vector": [10.67893, 9.02091, -3.89619]
						},
						"1.0417": {
							"vector": [3.80329, 21.36519, -4.62087]
						},
						"1.125": {
							"vector": [6.44607, 25.42036, -5.43211]
						},
						"1.2917": {
							"vector": [6.66298, 2.43318, 2.08002]
						},
						"1.4583": {
							"vector": [15.73218, -5.87218, 3.30647],
							"easing": "linear"
						},
						"1.5417": {
							"vector": [7.11459, -3.85111, 2.517]
						}
					},
					"position": {
						"0.0": {
							"vector": [-0.4, 0, -0.7]
						},
						"0.1667": {
							"vector": [0, 0.4, -1.3]
						},
						"0.3333": {
							"vector": [0, 0.5, -1.1]
						},
						"0.4583": {
							"vector": [0, 0.1, -2.5]
						},
						"0.5417": {
							"vector": [0, 0.1, -2.9]
						},
						"0.7083": {
							"vector": [-0.4, 0.6, -3.1]
						},
						"0.875": {
							"vector": [-0.4, 0.6, -3]
						},
						"1.0417": {
							"vector": [-0.4, 0.2, -2.3]
						},
						"1.125": {
							"vector": [-0.4, 0.2, -3.1]
						},
						"1.2917": {
							"vector": [0.3, 0.4, -2.3]
						},
						"1.4583": {
							"vector": [0.3, 0.2, -2.3]
						},
						"1.5417": {
							"vector": [-0.4, 0, -0.7]
						}
					}
				},
				"LevRuka": {
					"rotation": {
						"0.0": {
							"vector": [-24.81197, -3.1622, -6.80423]
						},
						"0.1667": {
							"vector": [-31.63568, -4.73994, -9.36201]
						},
						"0.3333": {
							"vector": [-34.18361, -7.34693, -13.65281]
						},
						"0.4583": {
							"vector": [-26.94902, -6.21895, -11.40598]
						},
						"0.5417": {
							"vector": [-23.94902, -6.21895, -11.40598]
						},
						"0.7083": {
							"vector": [-20.36825, -8.22648, -16.02216]
						},
						"0.875": {
							"vector": [-20.08533, -8.91802, -17.92001]
						},
						"1.0417": {
							"vector": [-22.6167, -9.93696, -20.78035]
						},
						"1.125": {
							"vector": [-12.95067, -9.49437, -18.80155]
						},
						"1.2917": {
							"vector": [-18.28971, -6.46011, -9.17848]
						},
						"1.5417": {
							"vector": [-24.81197, -3.1622, -6.80423]
						}
					},
					"position": {
						"0.0": {
							"vector": [0, 0, -1.5]
						},
						"0.1667": {
							"vector": [0.3, 1, -2.2]
						},
						"0.3333": {
							"vector": [0.3, 1, -0.7]
						},
						"0.4583": {
							"vector": [0.3, 0.1, -2]
						},
						"0.5417": {
							"vector": [0.4, 0.1, -2.7]
						},
						"0.7083": {
							"vector": [-0.6, 0.1, -2.7]
						},
						"0.875": {
							"vector": [-0.6, 0.5, -5.2]
						},
						"1.0417": {
							"vector": [-1.1, 0.5, -5.2]
						},
						"1.125": {
							"vector": [-1.1, 0.4, -6.7]
						},
						"1.2917": {
							"vector": [0.8, 0.1, -3.6]
						},
						"1.4583": {
							"vector": [0.8, -0.1, -2.7]
						},
						"1.5417": {
							"vector": [0, 0, -1.3]
						}
					}
				},
				"PravRuka": {
					"rotation": {
						"0.0": {
							"vector": [-19.8423, 2.55868, 7.05239]
						},
						"0.1667": {
							"vector": [-24.62946, 3.90991, 10.82335]
						},
						"0.3333": {
							"vector": [-28.33014, 5.81791, 14.35184]
						},
						"0.4583": {
							"vector": [-22.77612, 2.46886, 8.18797]
						},
						"0.5417": {
							"vector": [-15.77612, 2.46886, 8.18797],
							"easing": "linear"
						},
						"0.7083": {
							"vector": [-12.84993, 1.92381, 6.26225]
						},
						"0.875": {
							"vector": [-11.58546, 3.24585, 12.12089]
						},
						"1.0417": {
							"vector": [-6.46881, 3.47322, 14.11134]
						},
						"1.125": {
							"vector": [-0.88061, 3.01867, 6.62334]
						},
						"1.2917": {
							"vector": [-4.77257, 3.18697, 8.61918]
						},
						"1.4583": {
							"vector": [-7.27257, 3.18697, 8.61918]
						},
						"1.5417": {
							"vector": [-19.8423, 2.55868, 7.05239]
						}
					},
					"position": {
						"0.0": {
							"vector": [0, 0.1, -1.4]
						},
						"0.1667": {
							"vector": [-0.2, 0.1, -2.3]
						},
						"0.3333": {
							"vector": [-0.2, 0.4, -2.9]
						},
						"0.4583": {
							"vector": [-0.2, 0.4, -4.9]
						},
						"0.5417": {
							"vector": [0.2, 0.4, -4.9]
						},
						"0.7083": {
							"vector": [-0.1, 0.4, -4.9]
						},
						"0.875": {
							"vector": [-0.3, 0.3, -3.6]
						},
						"1.0417": {
							"vector": [-0.3, 0.2, -1.9]
						},
						"1.125": {
							"vector": [-1, -0.9, -2]
						},
						"1.2917": {
							"vector": [0.2, -0.1, -2.1]
						},
						"1.4583": {
							"vector": [0.2, -0.1, -4.1]
						},
						"1.5417": {
							"vector": [0, 0.1, -1]
						}
					}
				},
				"LevNoga": {
					"rotation": {
						"0.0": {
							"vector": [9.5, 0, 0]
						},
						"0.1667": {
							"vector": [12.5, 0, 0]
						},
						"0.3333": {
							"vector": [16.5, 0, 0]
						},
						"0.5417": {
							"vector": [21.5, 0, 0]
						},
						"0.7083": {
							"vector": [26.5, 0, 0]
						},
						"0.875": {
							"vector": [2.49154, 0.50066, -1.93634]
						},
						"1.0417": {
							"vector": [-7.50846, 0.50066, -1.93634]
						},
						"1.125": {
							"vector": [-2.50846, 0.50066, -1.93634]
						},
						"1.2917": {
							"vector": [0.49154, 0.50066, -1.93634]
						},
						"1.4583": {
							"vector": [7.49891, 0.35293, -0.94729]
						},
						"1.5417": {
							"vector": [9.5, 0, 0]
						}
					},
					"position": {
						"0.0": {
							"vector": [0, 0, 0.4]
						},
						"0.1667": {
							"vector": [0, 0, 0.2]
						},
						"0.3333": {
							"vector": [0, 0, 0.4]
						},
						"0.4583": {
							"vector": [0, 0.5, 0.4]
						},
						"0.5417": {
							"vector": [0, 0.8, -0.7]
						},
						"0.7083": {
							"vector": [0, 0.9, -1.6]
						},
						"0.875": {
							"vector": [0, 0.8, -2.7]
						},
						"1.0417": {
							"vector": [0.2, 0.4, -3.1]
						},
						"1.125": {
							"vector": [0.2, 0, -3.4]
						},
						"1.2917": {
							"vector": [0.2, 0, -2]
						},
						"1.4583": {
							"vector": [0.2, 0, -0.9]
						},
						"1.5417": {
							"vector": [0, 0, -0.2]
						}
					}
				},
				"PravNoga": {
					"rotation": {
						"0.0": {
							"vector": [1.01152, 0.54094, 2.44081]
						},
						"0.1667": {
							"vector": [-9.98848, 0.54094, 2.44081]
						},
						"0.3333": {
							"vector": [-18.84848, 0.54094, 2.44081]
						},
						"0.4583": {
							"vector": [-11.34848, 0.54094, 2.44081]
						},
						"0.5417": {
							"vector": [-7.34848, 0.54094, 2.44081]
						},
						"0.7083": {
							"vector": [-8.34848, 0.54094, 2.44081]
						},
						"0.875": {
							"vector": [8.65152, 0.54094, 2.44081]
						},
						"1.0417": {
							"vector": [12.65152, 0.54094, 2.44081]
						},
						"1.125": {
							"vector": [15.65152, 0.54094, 2.44081]
						},
						"1.2917": {
							"vector": [18.15152, 0.54094, 2.44081]
						},
						"1.4583": {
							"vector": [14.15152, 0.54094, 2.44081]
						},
						"1.5417": {
							"vector": [5.51152, 0.54094, 2.44081]
						}
					},
					"position": {
						"0.0": {
							"vector": [-0.6, 0.4, -1.2]
						},
						"0.1667": {
							"vector": [0, 0.5, -0.7]
						},
						"0.3333": {
							"vector": [0, 0.5, -1.8]
						},
						"0.4583": {
							"vector": [0, -0.1, -2.8]
						},
						"0.5417": {
							"vector": [0, -0.1, -3.2]
						},
						"0.7083": {
							"vector": [0, -0.1, -2.2]
						},
						"0.875": {
							"vector": [0, -0.1, -0.8]
						},
						"1.0417": {
							"vector": [0, -0.1, -0.3]
						},
						"1.125": {
							"vector": [0, -0.1, -1.3]
						},
						"1.2917": {
							"vector": [0, -0.2, -1.4]
						},
						"1.4583": {
							"vector": [0, 0.2, -2]
						},
						"1.5417": {
							"vector": [-0.6, 0.3, -0.8]
						}
					}
				},
				"leaves": {
					"rotation": {
						"0.0": {
							"vector": [2.5, 0, 0]
						},
						"0.1667": {
							"vector": [-2.5, 0, 0]
						},
						"0.3333": {
							"vector": [2.5, 0, 0]
						},
						"0.4583": {
							"vector": [2.5, 0, 0]
						},
						"0.5417": {
							"vector": [0, 0, 0]
						},
						"0.7083": {
							"vector": [-10, 0, 0]
						},
						"0.875": {
							"vector": [-12.5, 0, 0]
						},
						"1.0417": {
							"vector": [-10, 0, 0]
						},
						"1.125": {
							"vector": [-5, 0, 0]
						},
						"1.2917": {
							"vector": [-12.5, 0, 0]
						},
						"1.4583": {
							"vector": [-17.5, 0, 0]
						},
						"1.5417": {
							"vector": [-7.5, 0, 0]
						}
					},
					"position": {
						"0.0": {
							"vector": [0, 0, -0.1]
						},
						"0.4583": {
							"vector": [0, 0, -0.1]
						},
						"0.875": {
							"vector": [0, 0, -0.3]
						}
					}
				}
			}
		},
		"attack": {
			"animation_length": 0.79167,
			"bones": {
				"head": {
					"rotation": {
						"0.0": {
							"vector": [12.46425, 5.39362, -1.47852]
						},
						"0.0417": {
							"vector": [-24.0641, -6.02878, 3.60728],
							"easing": "easeInBounce"
						},
						"0.0833": {
							"vector": [20.8179, 0.98011, 6.28092],
							"easing": "easeInBounce"
						},
						"0.1667": {
							"vector": [30.8179, 0.98011, 6.28092],
							"easing": "easeInBounce"
						},
						"0.2083": {
							"vector": [38.15378, 3.88323, -1.40352],
							"easing": "easeInBounce"
						},
						"0.3333": {
							"vector": [20.65378, 3.88323, -1.40352],
							"easing": "easeInBounce"
						},
						"0.4167": {
							"vector": [9.65378, 3.88323, -1.40352],
							"easing": "easeInBounce"
						},
						"0.4583": {
							"vector": [7.15378, 3.88323, -1.40352]
						},
						"0.5417": {
							"vector": [3.15378, 3.88323, -1.40352]
						}
					},
					"position": {
						"0.0": {
							"vector": [0, 0, -0.8]
						},
						"0.0833": {
							"vector": [0, 0, -2.2]
						},
						"0.3333": {
							"vector": [0, 0, -1.5]
						},
						"0.4167": {
							"vector": [0, 0, -1]
						},
						"0.5417": {
							"vector": [0, 0, -0.8]
						}
					}
				},
				"telo": {
					"rotation": {
						"0.0": {
							"vector": [2.01, 2.48, 0.33]
						},
						"0.125": {
							"vector": [-7.99294, 2.4786, 0.32652]
						},
						"0.1667": {
							"vector": [-8.49294, 2.4786, 0.32652]
						},
						"0.2083": {
							"vector": [6.5012, -0.5021, -0.01332]
						},
						"0.3333": {
							"vector": [9.0062, 1.9671, 0.37793]
						},
						"0.4583": {
							"vector": [3.0062, 1.9671, 0.37793]
						},
						"0.5417": {
							"vector": [3.00443, -0.03015, 0.27306]
						},
						"0.5833": {
							"vector": [5.50443, -0.03015, 0.27306]
						},
						"0.6667": {
							"vector": [3.50443, -0.03015, 0.27306]
						}
					},
					"position": {
						"0.0": {
							"vector": [0, 0, -0.3]
						},
						"0.125": {
							"vector": [0, 0, 0.7]
						},
						"0.1667": {
							"vector": [0, 0, 0.7]
						},
						"0.2083": {
							"vector": [0, 0, -1]
						},
						"0.4583": {
							"vector": [0, 0, -0.7]
						},
						"0.5417": {
							"vector": [0, 0, -0.2]
						},
						"0.6667": {
							"vector": [0, 0, -0.1]
						}
					}
				},
				"LevRuka": {
					"rotation": {
						"0.0": {
							"vector": [-25.5, 0, 0]
						},
						"0.125": {
							"vector": [-128, 0, 0]
						},
						"0.1667": {
							"vector": [-156, 0, 0]
						},
						"0.2083": {
							"vector": [-46, 0, 0]
						},
						"0.2917": {
							"vector": [-35.5, 0, 0]
						},
						"0.3333": {
							"vector": [-23, 0, 0]
						},
						"0.4583": {
							"vector": [-30.40456, -2.5353, -4.31096]
						},
						"0.5417": {
							"vector": [-17.90105, -5.0314, -11.92882]
						},
						"0.5833": {
							"vector": [-7.67556, -5.37024, -14.416]
						},
						"0.6667": {
							"vector": [4.34394, -3.59643, -9.4801]
						}
					},
					"position": {
						"0.0": {
							"vector": [0, 1.5, 1.1]
						},
						"0.125": {
							"vector": [0, 1.5, 1.1]
						},
						"0.1667": {
							"vector": [0, 1.5, 1.4]
						},
						"0.2083": {
							"vector": [0, 0.5, -1.6]
						},
						"0.2917": {
							"vector": [0, -0.5, -2.6]
						},
						"0.4583": {
							"vector": [0, 0, -1.8]
						},
						"0.6667": {
							"vector": [0, 0, -1.1]
						}
					}
				},
				"PravRuka": {
					"rotation": {
						"0.0": {
							"vector": [-31.5, 0, 0]
						},
						"0.125": {
							"vector": [-129, 0, 0]
						},
						"0.1667": {
							"vector": [-157, 0, 0]
						},
						"0.2083": {
							"vector": [-38.5, 0, 0]
						},
						"0.2917": {
							"vector": [-43, 0, 0]
						},
						"0.3333": {
							"vector": [-33, 0, 0]
						},
						"0.4583": {
							"vector": [-32.9362, 2.17731, 3.3563]
						},
						"0.5417": {
							"vector": [-17.5577, 4.31343, 10.03352]
						},
						"0.5833": {
							"vector": [-9.8626, 4.7459, 12.50355]
						},
						"0.6667": {
							"vector": [2.32962, 7.35186, 10.10144]
						}
					},
					"position": {
						"0.0": {
							"vector": [0, 1.1, 0.7]
						},
						"0.125": {
							"vector": [0, 1.1, 0.7]
						},
						"0.1667": {
							"vector": [0, 1.1, 1.4]
						},
						"0.2083": {
							"vector": [0, 0.1, -1.6]
						},
						"0.2917": {
							"vector": [0, 0.1, -2.6]
						},
						"0.4583": {
							"vector": [0, 0.1, -1.2]
						},
						"0.6667": {
							"vector": [0, 0.1, -0.8]
						}
					}
				},
				"leaves": {
					"rotation": {
						"0.0": {
							"vector": [-50, 0, 0]
						},
						"0.0417": {
							"vector": [-68.5, 0, 0]
						},
						"0.0833": {
							"vector": [-50, 0, 0]
						},
						"0.2083": {
							"vector": [-13, 0, 0]
						},
						"0.3333": {
							"vector": [-30.5, 0, 0]
						},
						"0.4167": {
							"vector": [-23, 0, 0]
						},
						"0.4583": {
							"vector": [-8, 0, 0]
						}
					},
					"position": {
						"0.0": {
							"vector": [0, 0.6, -0.7]
						},
						"0.0417": {
							"vector": [0, 0.7, -0.8]
						},
						"0.0833": {
							"vector": [0, 0.4, -0.7]
						},
						"0.2083": {
							"vector": [0, 0.1, -0.2]
						},
						"0.3333": {
							"vector": [0, 0.3, -0.5]
						},
						"0.4167": {
							"vector": [0, 0.8, -0.4]
						},
						"0.4583": {
							"vector": [0, 0.4, -0.1]
						}
					}
				}
			}
		},
		"death": {
			"animation_length": 1.20833,
			"bones": {
				"head": {
					"rotation": {
						"0.0": {
							"vector": [4.72794, -7.18605, 1.89695]
						},
						"0.2083": {
							"vector": [-0.27206, -7.18605, 1.89695]
						},
						"0.4167": {
							"vector": [-30.27206, -7.18605, 1.89695]
						},
						"0.625": {
							"vector": [-37.77206, -7.18605, 1.89695]
						},
						"0.7917": {
							"vector": [-19.12875, 10.86424, 0.65893]
						},
						"0.9167": {
							"vector": [-3.76306, 27.1602, 11.91094]
						},
						"1.0": {
							"vector": [-11.26306, 27.1602, 11.91094]
						},
						"1.0417": {
							"vector": [-51.26306, 27.1602, 11.91094]
						}
					},
					"position": {
						"0.0": {
							"vector": [0, 0, -2.1]
						},
						"0.2083": {
							"vector": [0, -1, -4.1]
						},
						"0.4167": {
							"vector": [0, -2.7, 0.9]
						},
						"0.625": {
							"vector": [0, -8.4, 0.9]
						},
						"0.7917": {
							"vector": [2.9, -13.9, 0.9]
						},
						"0.9167": {
							"vector": [3.9, -19.5, 1.9]
						},
						"1.0": {
							"vector": [3.9, -25.5, 1.9]
						},
						"1.0417": {
							"vector": [3.9, -29.5, 1.9]
						},
						"1.0833": {
							"vector": [3.9, -36.5, 1.9]
						}
					}
				},
				"telo": {
					"rotation": {
						"0.0": {
							"vector": [7.46302, 2.60887, -0.66594]
						},
						"0.2083": {
							"vector": [17.46302, 2.60887, -0.66594]
						},
						"0.4167": {
							"vector": [-2.53698, 2.60887, -0.66594]
						},
						"0.625": {
							"vector": [-7.53698, 2.60887, -0.66594]
						},
						"0.7917": {
							"vector": [-8.89348, 5.07363, 16.69613]
						},
						"0.9167": {
							"vector": [-21.39348, 5.07363, 16.69613]
						}
					},
					"position": {
						"0.0": {
							"vector": [0, 0, -0.7]
						},
						"0.2083": {
							"vector": [0, -0.8, -1.5]
						},
						"0.4167": {
							"vector": [0, -2.8, 0.3]
						},
						"0.625": {
							"vector": [0, -7.8, 0.3]
						},
						"0.7917": {
							"vector": [1.8, -13, 0.3]
						},
						"0.9167": {
							"vector": [1.8, -19, 0.3]
						},
						"1.0": {
							"vector": [1.8, -26, 0.3]
						},
						"1.0833": {
							"vector": [1.8, -30, 0.3]
						}
					}
				},
				"LevRuka": {
					"rotation": {
						"0.0": {
							"vector": [-22.48072, -0.95645, -2.30991]
						},
						"0.2083": {
							"vector": [-37.14343, -5.50675, -8.28295]
						},
						"0.4167": {
							"vector": [-127.14343, -5.50675, -8.28295]
						},
						"0.625": {
							"vector": [-163.67928, -13.4918, 15.76298]
						},
						"0.7917": {
							"vector": [-147.91964, -20.57564, 54.37464]
						},
						"0.9167": {
							"vector": [-168.54435, -35.26346, 91.58271]
						},
						"1.0": {
							"vector": [-144.7315, -11.43806, 36.58779]
						},
						"1.0417": {
							"vector": [-143.63314, 6.38625, 12.33417]
						},
						"1.0833": {
							"vector": [-172.71779, 8.14904, -0.14205]
						}
					},
					"position": {
						"0.0": {
							"vector": [0, 0, -1.5]
						},
						"0.2083": {
							"vector": [0, -1, -3.5]
						},
						"0.4167": {
							"vector": [0, -2.6, -0.5]
						},
						"0.625": {
							"vector": [0, -5.6, -0.1]
						},
						"0.7917": {
							"vector": [3, -12.6, -0.1]
						},
						"0.9167": {
							"vector": [5, -18.6, -0.1]
						},
						"1.0": {
							"vector": [5, -23.6, -0.1]
						},
						"1.0417": {
							"vector": [5, -28.6, -0.1]
						},
						"1.0833": {
							"vector": [5, -29.6, -0.1]
						},
						"1.1667": {
							"vector": [5, -36.6, -0.1]
						}
					}
				},
				"PravRuka": {
					"rotation": {
						"0.0": {
							"vector": [-32.10382, 5.35355, 8.45862]
						},
						"0.2083": {
							"vector": [-47.10382, 5.35355, 8.45862]
						},
						"0.4167": {
							"vector": [-104.60382, 5.35355, 8.45862]
						},
						"0.625": {
							"vector": [-130.64809, 13.00822, 1.93504]
						},
						"0.7917": {
							"vector": [-70.84352, 20.43863, 26.89847]
						},
						"0.9167": {
							"vector": [-40.84352, 20.43863, 26.89847]
						},
						"1.0": {
							"vector": [-68.89072, 33.85825, 47.30133]
						},
						"1.0417": {
							"vector": [-93.89072, 33.85825, 47.30133]
						}
					},
					"position": {
						"0.0": {
							"vector": [0, 0.1, -1.4]
						},
						"0.2083": {
							"vector": [0, -1.9, -2.4]
						},
						"0.4167": {
							"vector": [0, -1.9, 1.1]
						},
						"0.625": {
							"vector": [-0.3, -6.9, 1.1]
						},
						"0.7917": {
							"vector": [3, -11.8, 0.3]
						},
						"0.9167": {
							"vector": [2.4, -17.8, 0.3]
						},
						"1.0": {
							"vector": [3.4, -23.8, 0.3]
						},
						"1.0417": {
							"vector": [3.4, -26.8, 0.3]
						},
						"1.0833": {
							"vector": [3.4, -31.8, 0.3]
						}
					}
				},
				"LevNoga": {
					"rotation": {
						"0.0": {
							"vector": [2.5, 0, 0]
						},
						"0.4167": {
							"vector": [4.98107, 0.43523, -4.98107]
						},
						"0.625": {
							"vector": [-5.01893, 0.43523, -4.98107]
						}
					},
					"position": {
						"0.0": {
							"vector": [0, 0, 0]
						},
						"0.2083": {
							"vector": [0, -1, 0]
						},
						"0.4167": {
							"vector": [0, -3, 0]
						},
						"0.625": {
							"vector": [0, -7, 0]
						},
						"0.7917": {
							"vector": [0, -15, 0]
						},
						"0.9167": {
							"vector": [0, -20, 0]
						}
					}
				},
				"PravNoga": {
					"rotation": {
						"0.0": {
							"vector": [-2.5, 0, 0]
						},
						"0.4167": {
							"vector": [-7.5, 0, 0]
						},
						"0.625": {
							"vector": [18.5, 0, 0]
						}
					},
					"position": {
						"0.0": {
							"vector": [0, 0, 0]
						},
						"0.2083": {
							"vector": [0, -1, 0]
						},
						"0.4167": {
							"vector": [-0.7, -3, 0]
						},
						"0.625": {
							"vector": [-0.7, -7, -0.4]
						},
						"0.7917": {
							"vector": [-0.7, -11, -0.4]
						},
						"0.9167": {
							"vector": [-0.7, -19, -0.4]
						}
					}
				},
				"leaves": {
					"rotation": {
						"0.0": {
							"vector": [-5, 0, 0]
						},
						"0.2083": {
							"vector": [-10, 0, 0]
						},
						"0.4167": {
							"vector": [-30, 0, 0]
						},
						"0.625": {
							"vector": [-16.5, 0, 0]
						},
						"0.7917": {
							"vector": [-96, 0, 0]
						},
						"0.9167": {
							"vector": [-108.5, 0, 0]
						},
						"1.0": {
							"vector": [-121.5, 0, 0]
						},
						"1.1667": {
							"vector": [18.5, 0, 0]
						}
					},
					"position": {
						"0.0": {
							"vector": [0, 0, -0.1]
						},
						"0.4167": {
							"vector": [0, 0.3, -0.7]
						},
						"0.625": {
							"vector": [0, 0, -0.3]
						},
						"0.7917": {
							"vector": [0, 1.2, -0.9]
						},
						"0.9167": {
							"vector": [0, 1.4, -0.9]
						},
						"1.0": {
							"vector": [0, 1.4, -0.7]
						}
					}
				}
			}
		}
	},
	"geckolib_format_version": 2
}