{
	"format_version": "1.8.0",
	"animations": {
		"walk": {
			"loop": true,
			"animation_length": 0.66667,
			"bones": {
				"body": {
					"rotation": {
						"0.0": {
							"vector": [0, 0, 0]
						},
						"0.1667": {
							"vector": [-20, 0, 0],
							"easing": "linear"
						},
						"0.3333": {
							"vector": [0, 0, 0],
							"easing": "linear"
						},
						"0.5": {
							"vector": [20, 0, 0],
							"easing": "linear"
						},
						"0.6667": {
							"vector": [0, 0, 0],
							"easing": "linear"
						}
					},
					"position": {
						"0.0": {
							"vector": [0, 0, 0]
						},
						"0.3333": {
							"vector": [0, 7, 0],
							"easing": "linear"
						},
						"0.6667": {
							"vector": [0, 0, 0],
							"easing": "linear"
						}
					},
					"scale": {
						"0.0": {
							"vector": [1.5, 0.5, 1.5]
						},
						"0.1667": {
							"vector": [0.95, 1.6, 1.05],
							"easing": "easeInBack",
							"easingArgs": [0.2]
						},
						"0.3333": {
							"vector": [1, 1.4, 1],
							"easing": "easeInBack",
							"easingArgs": [0.1]
						},
						"0.6667": {
							"vector": [1.5, 0.5, 1.5],
							"easing": "easeInBack"
						}
					}
				}
			},
			"sound_effects": {
				"0.5417": {
					"effect": "slimejump4"
				}
			}
		},
		"idle": {
			"loop": true,
			"animation_length": 3.5,
			"bones": {
				"body": {
					"rotation": {
						"0.0": {
							"vector": [0, 0, 0]
						},
						"0.625": {
							"vector": [0, 0, 0]
						},
						"1.25": {
							"vector": [0, 0, -2.5]
						},
						"1.8333": {
							"vector": [0, 0, 0]
						},
						"2.5": {
							"vector": [0, 0, 2.5]
						},
						"3.0": {
							"vector": [0, 0, 0]
						}
					},
					"position": {
						"0.0": {
							"vector": [0, 0, 0]
						},
						"0.625": {
							"vector": [0, 0, 0]
						},
						"1.25": {
							"vector": [0, 0.2, 0]
						},
						"1.8333": {
							"vector": [0, 0, 0]
						},
						"2.5": {
							"vector": [0, 0.2, 0]
						},
						"3.0": {
							"vector": [0, 0, 0]
						}
					},
					"scale": {
						"0.0": {
							"vector": [1, 1, 1]
						},
						"0.625": {
							"vector": [1, 0.9, 1],
							"easing": "easeInOutQuad"
						},
						"1.25": {
							"vector": [1, 1, 1],
							"easing": "easeInOutQuad"
						},
						"1.8333": {
							"vector": [1, 0.9, 1],
							"easing": "easeInOutQuad"
						},
						"2.5": {
							"vector": [1, 1, 1],
							"easing": "easeInOutQuad"
						},
						"3.0": {
							"vector": [1, 0.9, 1],
							"easing": "easeInOutQuad"
						},
						"3.5": {
							"vector": [1, 1, 1],
							"easing": "easeInOutQuad"
						}
					}
				}
			}
		}
	},
	"geckolib_format_version": 2
}